-- MySQL dump 10.13  Distrib 8.3.0, for macos14 (arm64)
--
-- Host: localhost    Database: msu_course_sceduling_dump
-- ------------------------------------------------------
-- Server version	8.3.0

/*!40101 SET @OLD_CHARACTER_SET_CLIENT=@@CHARACTER_SET_CLIENT */;
/*!40101 SET @OLD_CHARACTER_SET_RESULTS=@@CHARACTER_SET_RESULTS */;
/*!40101 SET @OLD_COLLATION_CONNECTION=@@COLLATION_CONNECTION */;
/*!50503 SET NAMES utf8mb4 */;
/*!40103 SET @OLD_TIME_ZONE=@@TIME_ZONE */;
/*!40103 SET TIME_ZONE='+00:00' */;
/*!40014 SET @OLD_UNIQUE_CHECKS=@@UNIQUE_CHECKS, UNIQUE_CHECKS=0 */;
/*!40014 SET @OLD_FOREIGN_KEY_CHECKS=@@FOREIGN_KEY_CHECKS, FOREIGN_KEY_CHECKS=0 */;
/*!40101 SET @OLD_SQL_MODE=@@SQL_MODE, SQL_MODE='NO_AUTO_VALUE_ON_ZERO' */;
/*!40111 SET @OLD_SQL_NOTES=@@SQL_NOTES, SQL_NOTES=0 */;

--
-- Table structure for table `class_room`
-- ewdfrfrf

DROP TABLE IF EXISTS `class_room`;
/*!40101 SET @saved_cs_client     = @@character_set_client */;
/*!50503 SET character_set_client = utf8mb4 */;
CREATE TABLE `class_room` (
  `room_id` int NOT NULL AUTO_INCREMENT,
  `room_name` varchar(100) DEFAULT NULL,
  PRIMARY KEY (`room_id`)
) ENGINE=InnoDB AUTO_INCREMENT=62 DEFAULT CHARSET=utf8mb4 COLLATE=utf8mb4_0900_ai_ci;
/*!40101 SET character_set_client = @saved_cs_client */;

--
-- Dumping data for table `class_room`
--

LOCK TABLES `class_room` WRITE;
/*!40000 ALTER TABLE `class_room` DISABLE KEYS */;
INSERT INTO `class_room` VALUES (1,'University Hall 101'),(2,'University Hall 102'),(3,'University Hall 116 (40)'),(4,'University Hall 104'),(5,'University Hall 105'),(6,'University Hall 106'),(7,'University Hall 107'),(8,'University Hall 108'),(9,'University Hall 109'),(10,'University Hall 110'),(11,'University Hall 111'),(12,'University Hall 112'),(13,'University Hall 113'),(14,'University Hall 114'),(15,'University Hall 115'),(16,'Richardson Hall 101'),(17,'Richardson Hall 102'),(18,'Richardson Hall 103'),(19,'Richardson Hall 104'),(20,'Richardson Hall 105'),(21,'Richardson Hall 106'),(22,'Richardson Hall 107'),(23,'Richardson Hall 108'),(24,'Richardson Hall 109'),(25,'Richardson Hall 110'),(26,'Richardson Hall 111'),(27,'Richardson Hall 112'),(28,'Richardson Hall 113'),(29,'Richardson Hall 114'),(30,'Richardson Hall 115'),(31,'CS Block 101'),(32,'CS Block 102'),(33,'CS Block 103'),(34,'CS Block 104'),(35,'CS Block 105'),(36,'CS Block 106'),(37,'CS Block 107'),(38,'CS Block 108'),(39,'CS Block 109'),(40,'CS Block 110'),(41,'CS Block 111'),(42,'CS Block 112'),(43,'CS Block 113'),(44,'CS Block 114'),(45,'CS Block 115'),(46,'Science Block 101'),(47,'Science Block 102'),(48,'Science Block 103'),(49,'Science Block 104'),(50,'Science Block 105'),(51,'Science Block 106'),(52,'Science Block 107'),(53,'Science Block 108'),(54,'Science Block 109'),(55,'Science Block 110'),(56,'Science Block 111'),(57,'Science Block 112'),(58,'Science Block 113'),(59,'Science Block 114'),(60,'Science Block 115'),(61,'maths block 103 (56)');
/*!40000 ALTER TABLE `class_room` ENABLE KEYS */;
UNLOCK TABLES;

--
-- Table structure for table `course_details`
--

DROP TABLE IF EXISTS `course_details`;
/*!40101 SET @saved_cs_client     = @@character_set_client */;
/*!50503 SET character_set_client = utf8mb4 */;
CREATE TABLE `course_details` (
  `course_id` bigint NOT NULL AUTO_INCREMENT,
  `course_number` int DEFAULT NULL,
  `crn` int DEFAULT NULL,
  `course_name` varchar(100) DEFAULT NULL,
  `credits` int DEFAULT NULL,
  `cmputer_required` tinyint DEFAULT NULL,
  PRIMARY KEY (`course_id`)
) ENGINE=InnoDB AUTO_INCREMENT=83 DEFAULT CHARSET=utf8mb4 COLLATE=utf8mb4_0900_ai_ci;
/*!40101 SET character_set_client = @saved_cs_client */;

--
-- Dumping data for table `course_details`
--

LOCK TABLES `course_details` WRITE;
/*!40000 ALTER TABLE `course_details` DISABLE KEYS */;
INSERT INTO `course_details` VALUES (1,101,10001,'Introduction to Programming',4,1),(2,401,10002,'computer security',4,1),(3,103,10003,'Discrete Mathematics',3,0),(4,104,10004,'Computer Organization',3,1),(5,105,10005,'Operating Systems',4,1),(6,106,10006,'Algorithms',4,1),(7,107,10007,'Software Engineering',3,1),(8,108,10008,'Introduction to Databases',3,1),(9,109,10009,'Computer Networks',4,1),(10,110,10010,'Web Development',3,1),(11,111,10011,'Mobile App Development',3,1),(12,112,10012,'Introduction to Artificial Intelligence',4,1),(13,113,10013,'Cybersecurity Basics',3,1),(14,114,10014,'Theory of Computation',4,1),(15,115,10015,'Ethics in Computing',2,0),(16,116,10016,'Introduction to Machine Learning',4,1),(17,117,10017,'Data Mining',3,1),(18,118,10018,'Human-Computer Interaction',3,0),(19,119,10019,'Computer Graphics',4,1),(20,120,10020,'Cloud Computing Basics',3,1),(21,201,20001,'Advanced Programming Techniques',4,1),(22,202,20002,'Advanced Data Structures',3,1),(23,203,20003,'Operating Systems II',4,1),(24,204,20004,'Parallel Programming',4,1),(25,205,20005,'Network Security',3,1),(26,206,20006,'Distributed Systems',4,1),(27,207,20007,'Compiler Design',4,1),(28,208,20008,'Advanced Databases',4,1),(29,209,20009,'Wireless Networks',3,1),(30,210,20010,'Computer Vision',4,1),(31,211,20011,'Advanced Artificial Intelligence',4,1),(32,212,20012,'Deep Learning',4,1),(33,213,20013,'Big Data Analytics',4,1),(34,214,20014,'Virtualization and Cloud Computing',3,1),(35,215,20015,'Cryptography',3,1),(36,216,20016,'Robotics Programming',3,1),(37,217,20017,'Software Testing and Quality Assurance',3,1),(38,218,20018,'Advanced Software Engineering',4,1),(39,219,20019,'Database Security',3,1),(40,220,20020,'Blockchain Technology',3,1),(41,301,30001,'Advanced Computer Architecture',4,1),(42,302,30002,'Internet of Things (IoT)',4,1),(43,303,30003,'Game Development',4,1),(44,304,30004,'Cloud Architecture and Security',4,1),(45,305,30005,'Data Science Fundamentals',3,1),(46,306,30006,'Quantum Computing',4,1),(47,307,30007,'Bioinformatics',3,0),(48,308,30008,'Natural Language Processing',4,1),(49,309,30009,'Edge Computing',3,1),(50,310,30010,'Augmented and Virtual Reality',4,1),(51,311,30011,'Advanced Robotics',4,1),(52,312,30012,'Information Retrieval',3,1),(53,313,30013,'Advanced Cybersecurity',4,1),(54,314,30014,'Mobile Cloud Computing',4,1),(55,315,30015,'Software Project Management',3,1),(56,316,30016,'Software Requirements Engineering',3,1),(57,317,30017,'Social Media Mining',3,1),(58,318,30018,'Cloud-based AI Solutions',4,1),(59,319,30019,'Real-time Systems',4,1),(60,320,30020,'Advanced Cryptography',4,1),(61,401,40001,'Capstone Project I',5,1),(62,402,40002,'Capstone Project II',5,1),(63,403,40003,'Research in Computer Science',4,0),(64,404,40004,'Advanced Machine Learning',4,1),(65,405,40005,'Artificial Intelligence in Robotics',4,1),(66,406,40006,'Cybersecurity Risk Management',4,1),(67,407,40007,'Software Performance Optimization',3,1),(68,408,40008,'Computational Neuroscience',4,1),(69,409,40009,'Advanced Data Science',4,1),(70,410,40010,'Computational Physics',4,0),(71,411,40011,'AI Ethics and Policy',3,0),(72,412,40012,'Human-Robot Interaction',4,1),(73,413,40013,'Data-driven Decision Making',4,1),(74,414,40014,'Autonomous Systems',4,1),(75,415,40015,'Neural Networks and Deep Learning',4,1),(76,416,40016,'Secure Software Development',3,1),(77,417,40017,'Computational Geometry',3,1),(78,418,40018,'Advanced Real-time Systems',4,1),(79,419,40019,'AI for Game Development',4,1),(80,420,40020,'Ethical Hacking',3,1),(81,421,0,'computer engineering',3,1),(82,422,0,'Spring boot',4,1);
/*!40000 ALTER TABLE `course_details` ENABLE KEYS */;
UNLOCK TABLES;

--
-- Table structure for table `course_professor_mapping`
--

DROP TABLE IF EXISTS `course_professor_mapping`;
/*!40101 SET @saved_cs_client     = @@character_set_client */;
/*!50503 SET character_set_client = utf8mb4 */;
CREATE TABLE `course_professor_mapping` (
  `id` bigint NOT NULL AUTO_INCREMENT,
  `course_id` bigint DEFAULT NULL,
  `professor_id` bigint DEFAULT NULL,
  PRIMARY KEY (`id`),
  KEY `course_professor_mapping_course_details_FK` (`course_id`),
  KEY `course_professor_mapping_professor_details_FK` (`professor_id`),
  CONSTRAINT `course_professor_mapping_course_details_FK` FOREIGN KEY (`course_id`) REFERENCES `course_details` (`course_id`),
  CONSTRAINT `course_professor_mapping_professor_details_FK` FOREIGN KEY (`professor_id`) REFERENCES `professor_details` (`professor_id`)
) ENGINE=InnoDB AUTO_INCREMENT=136 DEFAULT CHARSET=utf8mb4 COLLATE=utf8mb4_0900_ai_ci;
/*!40101 SET character_set_client = @saved_cs_client */;

--
-- Dumping data for table `course_professor_mapping`
--

LOCK TABLES `course_professor_mapping` WRITE;
/*!40000 ALTER TABLE `course_professor_mapping` DISABLE KEYS */;
INSERT INTO `course_professor_mapping` VALUES (6,6,2),(7,7,2),(8,8,2),(10,10,2),(11,11,3),(12,12,3),(13,13,3),(14,14,3),(15,15,3),(21,21,5),(22,22,5),(23,23,5),(24,24,5),(25,25,5),(26,26,6),(27,27,6),(28,28,6),(29,29,6),(30,30,6),(31,31,7),(32,32,7),(33,33,7),(34,34,7),(35,35,7),(36,36,8),(37,37,8),(38,38,8),(39,39,8),(40,40,8),(41,41,9),(42,42,9),(43,43,9),(44,44,9),(45,45,9),(46,41,9),(47,42,9),(48,43,9),(49,44,9),(50,45,9),(51,46,10),(52,47,10),(53,48,10),(54,49,10),(55,50,10),(56,51,11),(57,52,11),(58,53,11),(59,54,11),(60,55,11),(61,56,12),(62,57,12),(63,58,12),(64,59,12),(65,60,12),(66,61,13),(67,62,13),(68,63,13),(69,64,13),(70,65,13),(71,66,14),(72,67,14),(73,68,14),(74,69,14),(75,70,14),(76,71,15),(77,72,15),(78,73,15),(79,74,15),(80,75,15),(81,76,16),(82,77,16),(83,78,16),(84,79,16),(85,80,16),(86,1,17),(87,10,17),(88,20,17),(89,5,18),(90,15,18),(91,25,18),(92,30,19),(93,40,19),(94,50,19),(95,60,20),(96,70,20),(97,80,20),(98,75,11),(104,2,2),(108,81,6),(109,81,13),(110,1,1),(111,3,1),(112,4,1),(113,5,1),(114,1,1),(115,3,1),(116,10,1),(117,16,4),(118,17,4),(119,18,4),(120,19,4),(121,20,4),(122,2,4),(129,9,2),(130,9,4),(131,9,6),(132,6,NULL),(133,7,NULL),(134,82,25),(135,82,2);
/*!40000 ALTER TABLE `course_professor_mapping` ENABLE KEYS */;
UNLOCK TABLES;

--
-- Table structure for table `course_semester_mappping`
--

DROP TABLE IF EXISTS `course_semester_mappping`;
/*!40101 SET @saved_cs_client     = @@character_set_client */;
/*!50503 SET character_set_client = utf8mb4 */;
CREATE TABLE `course_semester_mappping` (
  `course_semester_mapping_id` bigint NOT NULL AUTO_INCREMENT,
  `course_id` bigint DEFAULT NULL,
  `sem_id` int DEFAULT NULL,
  `tenure` int DEFAULT NULL,
  `term_tenure` int DEFAULT NULL,
  PRIMARY KEY (`course_semester_mapping_id`),
  KEY `course_semester_mappping_Semester_FK` (`sem_id`),
  KEY `course_semester_mappping_course_details_FK` (`course_id`),
  CONSTRAINT `course_semester_mappping_course_details_FK` FOREIGN KEY (`course_id`) REFERENCES `course_details` (`course_id`),
  CONSTRAINT `course_semester_mappping_Semester_FK` FOREIGN KEY (`sem_id`) REFERENCES `Semester` (`sem_id`)
) ENGINE=InnoDB AUTO_INCREMENT=686 DEFAULT CHARSET=utf8mb4 COLLATE=utf8mb4_0900_ai_ci;
/*!40101 SET character_set_client = @saved_cs_client */;

--
-- Dumping data for table `course_semester_mappping`
--

LOCK TABLES `course_semester_mappping` WRITE;
/*!40000 ALTER TABLE `course_semester_mappping` DISABLE KEYS */;
INSERT INTO `course_semester_mappping` VALUES (1,50,1,4,NULL),(2,54,1,4,NULL),(3,6,1,4,NULL),(4,34,1,4,NULL),(5,66,1,4,NULL),(6,63,1,4,NULL),(7,52,1,4,NULL),(8,39,1,4,NULL),(9,62,1,4,NULL),(10,46,1,4,NULL),(11,2,1,4,NULL),(12,40,1,4,NULL),(13,15,1,4,NULL),(14,3,1,4,NULL),(15,76,1,4,NULL),(16,30,1,4,NULL),(17,41,1,4,NULL),(18,1,1,4,NULL),(19,8,1,4,NULL),(20,12,1,4,NULL),(21,32,1,4,NULL),(22,70,1,4,NULL),(23,19,1,4,NULL),(24,77,1,4,NULL),(25,38,1,4,NULL),(26,10,1,4,NULL),(27,45,1,4,NULL),(28,44,1,4,NULL),(29,73,1,4,NULL),(30,5,1,4,NULL),(31,16,1,4,NULL),(32,13,1,4,NULL),(33,9,1,4,NULL),(34,43,1,4,NULL),(35,78,1,4,NULL),(36,60,1,4,NULL),(37,7,1,4,NULL),(40,36,1,4,NULL),(41,75,1,4,NULL),(42,35,2,4,NULL),(43,6,2,4,NULL),(44,29,2,4,NULL),(45,68,2,4,NULL),(46,31,2,4,NULL),(47,41,2,4,NULL),(48,5,2,4,NULL),(49,13,2,4,NULL),(50,75,2,4,NULL),(51,26,2,4,NULL),(52,34,2,4,NULL),(53,33,2,4,NULL),(54,16,2,4,NULL),(55,50,2,4,NULL),(56,57,2,4,NULL),(57,2,2,4,NULL),(58,48,2,4,NULL),(59,15,2,4,NULL),(60,1,2,4,NULL),(61,56,2,4,NULL),(62,20,2,4,NULL),(63,74,2,4,NULL),(64,12,2,4,NULL),(65,39,2,4,NULL),(66,36,2,4,NULL),(67,73,2,4,NULL),(68,72,2,4,NULL),(69,19,2,4,NULL),(70,73,3,4,NULL),(71,49,3,4,NULL),(153,48,4,4,NULL),(154,40,4,4,NULL),(155,54,4,4,NULL),(156,59,4,4,NULL),(157,71,4,4,NULL),(158,3,4,4,NULL),(159,14,4,4,NULL),(160,25,4,4,NULL),(161,64,4,4,NULL),(162,67,4,4,NULL),(163,24,4,4,NULL),(164,15,4,4,NULL),(165,74,4,4,NULL),(166,17,4,4,NULL),(167,18,4,4,NULL),(168,58,4,4,NULL),(169,76,4,4,NULL),(170,55,4,4,NULL),(171,77,4,4,NULL),(172,68,4,4,NULL),(173,4,4,4,NULL),(174,80,4,4,NULL),(175,27,4,4,NULL),(176,13,4,4,NULL),(177,61,4,4,NULL),(178,23,4,4,NULL),(179,72,4,4,NULL),(180,20,4,4,NULL),(181,45,4,4,NULL),(182,5,4,4,NULL),(183,34,4,4,NULL),(184,39,4,4,NULL),(185,8,4,4,NULL),(186,50,4,4,NULL),(187,2,4,4,NULL),(188,60,4,4,NULL),(189,7,4,4,NULL),(190,31,4,4,NULL),(191,70,4,4,NULL),(192,9,4,4,NULL),(193,36,4,4,NULL),(194,14,4,4,NULL),(236,47,1,3,NULL),(237,11,1,4,NULL),(389,50,49,4,NULL),(390,54,49,4,NULL),(391,6,49,4,NULL),(392,34,49,4,NULL),(393,66,49,4,NULL),(394,63,49,4,NULL),(395,52,49,4,NULL),(396,39,49,4,NULL),(397,62,49,4,NULL),(398,46,49,4,NULL),(399,2,49,4,NULL),(400,40,49,4,NULL),(401,15,49,4,NULL),(402,3,49,4,NULL),(403,76,49,4,NULL),(404,30,49,4,NULL),(405,41,49,4,NULL),(406,1,49,4,NULL),(407,8,49,4,NULL),(408,12,49,4,NULL),(409,32,49,4,NULL),(410,70,49,4,NULL),(411,19,49,4,NULL),(412,77,49,4,NULL),(413,38,49,4,NULL),(414,10,49,4,NULL),(415,45,49,4,NULL),(416,44,49,4,NULL),(417,73,49,4,NULL),(418,5,49,4,NULL),(419,16,49,4,NULL),(420,13,49,4,NULL),(421,9,49,4,NULL),(422,43,49,4,NULL),(423,78,49,4,NULL),(424,60,49,4,NULL),(425,7,49,4,NULL),(426,36,49,4,NULL),(427,75,49,4,NULL),(428,47,49,3,NULL),(429,11,49,4,NULL),(430,50,41,4,NULL),(431,54,41,4,NULL),(432,6,41,4,NULL),(433,34,41,4,NULL),(434,66,41,4,NULL),(435,63,41,4,NULL),(436,52,41,4,NULL),(437,39,41,4,NULL),(438,62,41,4,NULL),(439,46,41,4,NULL),(440,2,41,4,NULL),(441,40,41,4,NULL),(442,15,41,4,NULL),(443,3,41,4,NULL),(444,76,41,4,NULL),(445,30,41,4,NULL),(446,41,41,4,NULL),(447,1,41,4,NULL),(448,8,41,4,NULL),(449,12,41,4,NULL),(450,32,41,4,NULL),(451,70,41,4,NULL),(452,19,41,4,NULL),(453,77,41,4,NULL),(454,38,41,4,NULL),(455,10,41,4,NULL),(456,45,41,4,NULL),(457,44,41,4,NULL),(458,73,41,4,NULL),(459,5,41,4,NULL),(460,16,41,4,NULL),(461,13,41,4,NULL),(462,9,41,4,NULL),(463,43,41,4,NULL),(464,78,41,4,NULL),(465,60,41,4,NULL),(466,7,41,4,NULL),(467,36,41,4,NULL),(468,75,41,4,NULL),(469,47,41,3,NULL),(470,11,41,4,NULL),(471,50,53,4,NULL),(472,54,53,4,NULL),(473,6,53,4,NULL),(474,34,53,4,NULL),(475,66,53,4,NULL),(476,63,53,4,NULL),(477,52,53,4,NULL),(478,39,53,4,NULL),(479,62,53,4,NULL),(480,46,53,4,NULL),(481,2,53,4,NULL),(482,40,53,4,NULL),(483,15,53,4,NULL),(484,3,53,4,NULL),(485,76,53,4,NULL),(486,30,53,4,NULL),(487,41,53,4,NULL),(488,1,53,4,NULL),(489,8,53,4,NULL),(490,12,53,4,NULL),(491,32,53,4,NULL),(492,70,53,4,NULL),(493,19,53,4,NULL),(494,77,53,4,NULL),(495,38,53,4,NULL),(496,10,53,4,NULL),(497,45,53,4,NULL),(498,44,53,4,NULL),(499,73,53,4,NULL),(500,5,53,4,NULL),(501,16,53,4,NULL),(502,13,53,4,NULL),(503,9,53,4,NULL),(504,43,53,4,NULL),(505,78,53,4,NULL),(506,60,53,4,NULL),(507,7,53,4,NULL),(508,36,53,4,NULL),(509,75,53,4,NULL),(510,47,53,3,NULL),(511,11,53,4,NULL),(512,50,45,4,NULL),(513,54,45,4,NULL),(514,6,45,4,NULL),(515,34,45,4,NULL),(516,66,45,4,NULL),(517,63,45,4,NULL),(518,52,45,4,NULL),(519,39,45,4,NULL),(520,62,45,4,NULL),(521,46,45,4,NULL),(522,2,45,4,NULL),(523,40,45,4,NULL),(524,15,45,4,NULL),(525,3,45,4,NULL),(526,76,45,4,NULL),(527,30,45,4,NULL),(528,41,45,4,NULL),(529,1,45,4,NULL),(530,8,45,4,NULL),(531,12,45,4,NULL),(532,32,45,4,NULL),(533,70,45,4,NULL),(534,19,45,4,NULL),(535,77,45,4,NULL),(536,38,45,4,NULL),(537,10,45,4,NULL),(538,45,45,4,NULL),(539,44,45,4,NULL),(540,73,45,4,NULL),(541,5,45,4,NULL),(542,16,45,4,NULL),(543,13,45,4,NULL),(544,9,45,4,NULL),(545,43,45,4,NULL),(546,78,45,4,NULL),(547,60,45,4,NULL),(548,7,45,4,NULL),(549,36,45,4,NULL),(550,75,45,4,NULL),(551,47,45,3,NULL),(552,11,45,4,NULL),(554,50,37,4,NULL),(555,54,37,4,NULL),(556,6,37,4,NULL),(557,34,37,4,NULL),(558,66,37,4,NULL),(559,63,37,4,NULL),(560,52,37,4,NULL),(561,39,37,4,NULL),(562,62,37,4,NULL),(563,46,37,4,NULL),(564,2,37,4,NULL),(565,40,37,4,NULL),(566,15,37,4,NULL),(567,3,37,4,NULL),(568,76,37,4,NULL),(569,30,37,4,NULL),(570,41,37,4,NULL),(571,1,37,4,NULL),(572,8,37,4,NULL),(573,12,37,4,NULL),(574,32,37,4,NULL),(575,70,37,4,NULL),(576,19,37,4,NULL),(577,77,37,4,NULL),(578,38,37,4,NULL),(579,10,37,4,NULL),(580,45,37,4,NULL),(581,44,37,4,NULL),(582,73,37,4,NULL),(583,5,37,4,NULL),(584,16,37,4,NULL),(585,13,37,4,NULL),(586,9,37,4,NULL),(587,43,37,4,NULL),(588,78,37,4,NULL),(589,60,37,4,NULL),(590,7,37,4,NULL),(591,36,37,4,NULL),(592,75,37,4,NULL),(593,47,37,3,NULL),(594,11,37,4,NULL),(599,24,37,NULL,NULL),(600,18,37,NULL,NULL),(601,26,37,12,NULL),(602,50,66,4,NULL),(603,54,66,4,NULL),(604,6,66,4,NULL),(605,34,66,4,NULL),(606,66,66,4,NULL),(607,63,66,4,NULL),(608,52,66,4,NULL),(609,39,66,4,NULL),(610,62,66,4,NULL),(611,46,66,4,NULL),(612,2,66,4,NULL),(613,40,66,4,NULL),(614,15,66,4,NULL),(615,3,66,4,NULL),(616,76,66,4,NULL),(618,41,66,4,NULL),(619,1,66,4,NULL),(620,8,66,4,NULL),(621,12,66,4,NULL),(622,32,66,4,NULL),(623,70,66,4,NULL),(624,19,66,4,NULL),(625,77,66,4,NULL),(626,38,66,4,NULL),(627,10,66,4,NULL),(628,45,66,4,NULL),(629,44,66,4,NULL),(630,73,66,4,NULL),(631,5,66,4,NULL),(632,16,66,4,NULL),(633,13,66,4,NULL),(634,9,66,4,NULL),(635,43,66,4,NULL),(636,78,66,4,NULL),(637,60,66,4,NULL),(638,7,66,4,NULL),(639,36,66,4,NULL),(640,75,66,4,NULL),(641,47,66,3,NULL),(642,11,66,4,NULL),(643,21,66,14,NULL),(644,50,65,4,NULL),(645,54,65,4,NULL),(646,6,65,4,NULL),(647,34,65,4,NULL),(648,66,65,4,NULL),(649,63,65,4,NULL),(650,52,65,4,NULL),(651,39,65,4,NULL),(652,62,65,4,NULL),(653,46,65,4,NULL),(654,2,65,4,NULL),(655,40,65,4,NULL),(656,15,65,4,NULL),(657,3,65,4,NULL),(658,76,65,4,NULL),(659,30,65,4,NULL),(660,41,65,4,NULL),(661,1,65,4,NULL),(662,8,65,4,NULL),(663,12,65,4,NULL),(664,32,65,4,NULL),(665,70,65,4,NULL),(666,19,65,4,NULL),(667,77,65,4,NULL),(668,38,65,4,NULL),(669,10,65,4,NULL),(670,45,65,4,NULL),(671,44,65,4,NULL),(672,73,65,4,NULL),(673,5,65,4,NULL),(674,16,65,4,NULL),(675,13,65,4,NULL),(676,9,65,4,NULL),(677,43,65,4,NULL),(678,78,65,4,NULL),(679,60,65,4,NULL),(680,7,65,4,NULL),(681,36,65,4,NULL),(682,75,65,4,NULL),(683,47,65,3,NULL),(684,11,65,4,NULL),(685,17,65,2,NULL);
/*!40000 ALTER TABLE `course_semester_mappping` ENABLE KEYS */;
UNLOCK TABLES;

--
-- Table structure for table `professor_availability`
--

DROP TABLE IF EXISTS `professor_availability`;
/*!40101 SET @saved_cs_client     = @@character_set_client */;
/*!50503 SET character_set_client = utf8mb4 */;
CREATE TABLE `professor_availability` (
  `id` bigint NOT NULL AUTO_INCREMENT,
  `professor_id` bigint DEFAULT NULL,
  `sem_name_id` int DEFAULT NULL,
  `day_of_week` int DEFAULT NULL,
  `start_time` time(6) DEFAULT NULL,
  `end_time` time(6) DEFAULT NULL,
  PRIMARY KEY (`id`),
  KEY `temp_professor_availability_professor_details_FK` (`professor_id`),
  CONSTRAINT `temp_professor_availability_professor_details_FK` FOREIGN KEY (`professor_id`) REFERENCES `professor_details` (`professor_id`)
) ENGINE=InnoDB AUTO_INCREMENT=61 DEFAULT CHARSET=utf8mb4 COLLATE=utf8mb4_0900_ai_ci;
/*!40101 SET character_set_client = @saved_cs_client */;

--
-- Dumping data for table `professor_availability`
--

LOCK TABLES `professor_availability` WRITE;
/*!40000 ALTER TABLE `professor_availability` DISABLE KEYS */;
INSERT INTO `professor_availability` VALUES (3,2,1,2,'09:00:00.000000','10:00:00.000000'),(4,2,1,5,'13:00:00.000000','15:00:00.000000'),(5,3,1,3,'10:00:00.000000','11:00:00.000000'),(6,3,1,6,'14:00:00.000000','16:00:00.000000'),(9,5,1,3,'10:00:00.000000','12:00:00.000000'),(10,5,1,4,'13:00:00.000000','15:00:00.000000'),(11,6,1,5,'14:00:00.000000','16:00:00.000000'),(12,6,1,7,'15:00:00.000000','17:00:00.000000'),(13,7,2,1,'08:00:00.000000','09:00:00.000000'),(14,7,2,4,'10:00:00.000000','12:00:00.000000'),(15,8,2,2,'09:00:00.000000','10:00:00.000000'),(16,8,2,5,'13:00:00.000000','15:00:00.000000'),(17,9,2,3,'10:00:00.000000','11:00:00.000000'),(18,9,2,6,'14:00:00.000000','16:00:00.000000'),(19,10,2,1,'08:00:00.000000','09:00:00.000000'),(20,10,2,2,'09:00:00.000000','10:00:00.000000'),(21,11,2,3,'10:00:00.000000','12:00:00.000000'),(22,11,2,4,'13:00:00.000000','15:00:00.000000'),(23,12,2,5,'14:00:00.000000','16:00:00.000000'),(24,12,2,7,'15:00:00.000000','17:00:00.000000'),(25,13,3,1,'08:00:00.000000','09:00:00.000000'),(26,13,3,4,'10:00:00.000000','12:00:00.000000'),(27,14,3,2,'09:00:00.000000','10:00:00.000000'),(28,14,3,5,'13:00:00.000000','15:00:00.000000'),(29,15,3,3,'10:00:00.000000','11:00:00.000000'),(30,15,3,6,'14:00:00.000000','16:00:00.000000'),(31,16,3,1,'08:00:00.000000','09:00:00.000000'),(32,16,3,2,'09:00:00.000000','10:00:00.000000'),(33,17,3,3,'10:00:00.000000','12:00:00.000000'),(34,17,3,4,'13:00:00.000000','15:00:00.000000'),(35,18,3,5,'14:00:00.000000','16:00:00.000000'),(36,18,3,7,'15:00:00.000000','17:00:00.000000'),(37,19,4,1,'08:00:00.000000','09:00:00.000000'),(38,19,4,4,'10:00:00.000000','12:00:00.000000'),(39,20,4,2,'09:00:00.000000','10:00:00.000000'),(40,20,4,5,'13:00:00.000000','15:00:00.000000'),(41,21,NULL,1,'13:00:00.000000','15:00:00.000000'),(42,21,NULL,4,'15:00:00.000000','20:00:00.000000'),(43,22,NULL,1,'09:00:00.000000','16:00:00.000000'),(44,22,NULL,4,'11:30:00.000000','18:00:00.000000'),(47,23,NULL,4,'09:00:00.000000','11:00:00.000000'),(48,23,NULL,2,'01:00:00.000000','17:00:00.000000'),(49,23,NULL,5,'01:00:00.000000','17:00:00.000000'),(50,1,NULL,1,'08:00:00.000000','09:00:00.000000'),(51,1,NULL,4,'10:00:00.000000','12:00:00.000000'),(52,1,NULL,5,'11:00:00.000000','11:30:00.000000'),(53,4,NULL,3,'08:00:00.000000','09:00:00.000000'),(54,4,NULL,2,'09:00:00.000000','10:00:00.000000'),(55,24,NULL,4,'06:00:00.000000','08:00:00.000000'),(56,24,NULL,5,'06:00:00.000000','08:00:00.000000'),(57,24,NULL,3,'09:00:00.000000','11:00:00.000000'),(59,25,NULL,2,'13:00:00.000000','17:00:00.000000'),(60,25,NULL,3,'07:00:00.000000','11:00:00.000000');
/*!40000 ALTER TABLE `professor_availability` ENABLE KEYS */;
UNLOCK TABLES;

--
-- Table structure for table `professor_details`
--

DROP TABLE IF EXISTS `professor_details`;
/*!40101 SET @saved_cs_client     = @@character_set_client */;
/*!50503 SET character_set_client = utf8mb4 */;
CREATE TABLE `professor_details` (
  `professor_id` bigint NOT NULL AUTO_INCREMENT,
  `name` varchar(100) DEFAULT NULL,
  `course_load` varchar(255) DEFAULT NULL,
  `professor_type` int DEFAULT NULL,
  `prof_status` tinyint(1) NOT NULL DEFAULT '1',
  PRIMARY KEY (`professor_id`),
  KEY `professor_details_professor_type_FK` (`professor_type`),
  CONSTRAINT `professor_details_professor_type_FK` FOREIGN KEY (`professor_type`) REFERENCES `professor_type` (`id`)
) ENGINE=InnoDB AUTO_INCREMENT=26 DEFAULT CHARSET=utf8mb4 COLLATE=utf8mb4_0900_ai_ci;
/*!40101 SET character_set_client = @saved_cs_client */;

--
-- Dumping data for table `professor_details`
--

LOCK TABLES `professor_details` WRITE;
/*!40000 ALTER TABLE `professor_details` DISABLE KEYS */;
INSERT INTO `professor_details` VALUES (1,'John Smith','2, 3, 3, 2 ',1,0),(2,'Emily Davis','2, 3, 3, 2 ',2,1),(3,'Michael Brown','2, 3, 3, 2 ',3,1),(4,'Sarah Johnson','2, 3, 3, 2 ',4,0),(5,'David Wilson','2, 3, 3, 2 ',5,1),(6,'Laura Martinez','2, 3, 3, 2 ',1,1),(7,'James Garcia','2, 3, 3, 2 ',2,1),(8,'Sophia Robinson','2, 3, 3, 2 ',3,1),(9,'William Clark','2, 3, 3, 2 ',4,1),(10,'Olivia Lewis','2, 3, 3, 2 ',5,1),(11,'Benjamin Walker','2, 3, 3, 2 ',1,1),(12,'Charlotte Young','2, 3, 3, 2 ',2,1),(13,'Alexander Hall','2, 3, 3, 2 ',3,1),(14,'Mia Allen','2, 3, 3, 2 ',4,1),(15,'Liam King','2, 3, 3, 2 ',5,1),(16,'Isabella Wright','2, 3, 3, 2 ',1,1),(17,'Lucas Lopez','2, 3, 3, 2 ',2,1),(18,'Mason Scott','2, 3, 3, 2 ',3,1),(19,'Evelyn Adams','2, 3, 3, 2 ',4,1),(20,'Ella Baker','2, 3, 3, 2 ',5,1),(21,'Kamala harris','3,0,4,0',1,0),(22,'Michelle Zhu','3456',1,1),(23,'Herbert Jhonson','4534',1,1),(24,'New Prof','3456',3,1),(25,'Anand','4131',1,1);
/*!40000 ALTER TABLE `professor_details` ENABLE KEYS */;
UNLOCK TABLES;

--
-- Table structure for table `professor_type`
--

DROP TABLE IF EXISTS `professor_type`;
/*!40101 SET @saved_cs_client     = @@character_set_client */;
/*!50503 SET character_set_client = utf8mb4 */;
CREATE TABLE `professor_type` (
  `id` int NOT NULL AUTO_INCREMENT,
  `type` varchar(100) DEFAULT NULL,
  PRIMARY KEY (`id`)
) ENGINE=InnoDB AUTO_INCREMENT=6 DEFAULT CHARSET=utf8mb4 COLLATE=utf8mb4_0900_ai_ci;
/*!40101 SET character_set_client = @saved_cs_client */;

--
-- Dumping data for table `professor_type`
--

LOCK TABLES `professor_type` WRITE;
/*!40000 ALTER TABLE `professor_type` DISABLE KEYS */;
INSERT INTO `professor_type` VALUES (1,'Full-Time'),(2,'Part-Time'),(3,'Adjunct'),(4,'Visiting'),(5,'Emeritus');
/*!40000 ALTER TABLE `professor_type` ENABLE KEYS */;
UNLOCK TABLES;

--
-- Table structure for table `section`
--

DROP TABLE IF EXISTS `section`;
/*!40101 SET @saved_cs_client     = @@character_set_client */;
/*!50503 SET character_set_client = utf8mb4 */;
CREATE TABLE `section` (
  `section_id` bigint NOT NULL AUTO_INCREMENT,
  `section_no` varchar(100) DEFAULT NULL,
  `capacity` int DEFAULT NULL,
  `max_capacity` int DEFAULT NULL,
  `professor_id` bigint DEFAULT NULL,
  `room_id` int DEFAULT NULL,
  `cross_section_id` bigint DEFAULT NULL,
  `course_semester_mapping_id` bigint DEFAULT NULL,
  PRIMARY KEY (`section_id`),
  KEY `section_professor_details_FK` (`professor_id`),
  KEY `section_class_room_FK` (`room_id`),
  KEY `section_course_semester_mappping_FK` (`course_semester_mapping_id`),
  CONSTRAINT `section_class_room_FK` FOREIGN KEY (`room_id`) REFERENCES `class_room` (`room_id`),
  CONSTRAINT `section_course_semester_mappping_FK` FOREIGN KEY (`course_semester_mapping_id`) REFERENCES `course_semester_mappping` (`course_semester_mapping_id`)
) ENGINE=InnoDB AUTO_INCREMENT=1334 DEFAULT CHARSET=utf8mb4 COLLATE=utf8mb4_0900_ai_ci;
/*!40101 SET character_set_client = @saved_cs_client */;

--
-- Dumping data for table `section`
--

LOCK TABLES `section` WRITE;
/*!40000 ALTER TABLE `section` DISABLE KEYS */;
INSERT INTO `section` VALUES (1,'01',30,35,1,1,NULL,1),(2,'02',30,35,2,2,NULL,1),(3,'01',25,30,3,3,NULL,2),(4,'02',25,30,4,4,NULL,2),(5,'01',35,40,5,5,NULL,3),(6,'02',35,40,6,6,NULL,3),(7,'01',20,25,7,7,NULL,4),(8,'02',20,25,8,8,NULL,4),(9,'01',40,45,9,9,NULL,5),(10,'02',40,45,10,10,1,5),(11,'03',11,40,11,11,NULL,5),(12,'01',30,35,12,12,NULL,6),(13,'02',13,35,13,13,NULL,6),(14,'01',25,30,14,14,NULL,7),(15,'02',15,30,15,15,2,7),(16,'01',35,40,16,16,NULL,8),(17,'02',17,40,17,17,NULL,8),(18,'03',18,35,18,18,NULL,8),(19,'01',20,25,19,19,NULL,9),(20,'02',20,25,20,20,NULL,9),(21,'01',30,35,1,21,NULL,10),(22,'02',30,35,2,22,NULL,10),(23,'01',25,30,3,23,NULL,11),(24,'02',25,30,4,24,NULL,11),(25,'03',20,25,5,25,NULL,11),(26,'01',40,45,6,26,NULL,12),(27,'02',40,45,7,27,NULL,12),(28,'01',35,40,8,28,NULL,13),(29,'02',35,40,9,29,NULL,13),(30,'01',20,25,10,30,NULL,14),(31,'02',20,25,11,31,NULL,14),(32,'01',32,35,12,32,NULL,15),(33,'02',30,35,13,33,NULL,15),(34,'01',25,30,14,34,NULL,16),(35,'02',25,30,15,35,NULL,16),(36,'01',35,40,16,36,NULL,17),(37,'02',35,40,17,37,NULL,17),(38,'03',30,35,18,38,NULL,17),(39,'01',20,25,19,39,NULL,18),(40,'02',20,25,20,40,NULL,18),(41,'01',30,35,1,41,NULL,19),(42,'02',30,35,2,42,NULL,19),(43,'01',25,30,3,43,NULL,20),(44,'02',25,30,4,44,NULL,20),(45,'03',20,25,5,45,NULL,20),(46,'01',40,45,6,46,NULL,21),(47,'02',40,45,7,47,NULL,21),(48,'01',35,40,8,48,NULL,22),(49,'02',35,40,9,49,NULL,22),(50,'01',20,25,10,50,NULL,23),(51,'02',20,25,11,51,NULL,23),(52,'01',30,35,12,52,NULL,24),(53,'02',30,35,13,53,NULL,24),(54,'01',25,30,14,54,NULL,25),(55,'02',25,30,15,55,NULL,25),(56,'01',35,40,16,56,NULL,26),(57,'02',35,40,17,57,NULL,26),(58,'03',30,35,18,58,NULL,26),(59,'01',20,25,19,59,NULL,27),(60,'02',20,25,20,60,NULL,27),(61,'01',30,35,1,1,NULL,28),(62,'02',30,35,2,2,NULL,28),(63,'01',25,30,3,3,NULL,29),(64,'02',25,30,4,4,NULL,29),(66,'01',40,45,6,6,NULL,30),(67,'02',40,45,7,7,NULL,30),(68,'01',35,40,8,8,NULL,31),(69,'02',35,40,9,9,NULL,31),(70,'01',20,25,10,10,NULL,32),(71,'02',20,25,11,11,NULL,32),(72,'01',30,35,12,12,NULL,33),(73,'02',30,35,13,13,NULL,33),(74,'01',25,30,14,14,NULL,34),(75,'02',25,30,15,15,NULL,34),(76,'01',35,40,16,16,NULL,35),(77,'02',35,40,17,17,NULL,35),(78,'03',30,35,18,18,NULL,35),(79,'01',20,25,19,19,NULL,36),(80,'02',20,25,20,20,NULL,36),(81,'01',30,35,1,21,NULL,37),(82,'02',30,35,2,22,NULL,37),(88,'01',35,40,8,28,NULL,40),(90,'01',20,25,10,30,NULL,41),(91,'02',20,25,11,31,NULL,41),(92,'01',30,35,1,1,NULL,42),(93,'02',28,32,2,2,NULL,42),(94,'01',25,30,3,3,NULL,43),(95,'02',29,33,4,4,NULL,43),(96,'01',32,36,5,5,NULL,44),(97,'02',30,35,6,6,NULL,44),(98,'03',26,30,7,7,NULL,44),(99,'01',24,28,8,8,NULL,45),(100,'02',27,30,9,9,NULL,45),(101,'03',28,32,10,10,NULL,45),(102,'01',29,33,11,11,NULL,46),(103,'02',31,35,12,12,NULL,46),(104,'03',27,30,13,13,NULL,46),(105,'01',28,33,14,14,NULL,47),(106,'02',32,36,15,15,NULL,47),(107,'03',30,34,16,16,NULL,47),(108,'01',29,34,17,17,NULL,48),(109,'02',33,37,18,18,NULL,48),(110,'01',30,35,19,19,NULL,49),(111,'02',32,36,20,20,NULL,49),(112,'01',26,30,1,21,NULL,50),(113,'02',27,32,2,22,NULL,50),(114,'03',29,33,3,23,NULL,50),(115,'01',28,34,4,24,NULL,51),(116,'02',30,35,5,25,NULL,51),(117,'03',31,36,6,26,NULL,51),(118,'01',29,33,7,27,NULL,52),(119,'02',32,36,8,28,NULL,52),(120,'01',26,30,9,29,NULL,53),(121,'02',27,32,10,30,NULL,53),(122,'03',28,33,11,31,NULL,53),(123,'01',31,35,12,32,NULL,54),(124,'02',29,33,13,33,NULL,54),(125,'01',27,32,14,34,NULL,55),(126,'02',30,35,15,35,NULL,55),(127,'01',28,34,16,36,NULL,56),(128,'02',31,36,17,37,NULL,56),(129,'01',29,33,18,38,NULL,57),(130,'02',32,37,19,39,NULL,57),(131,'03',28,34,20,40,NULL,57),(132,'01',30,35,1,41,NULL,58),(133,'02',33,38,2,42,NULL,58),(134,'03',29,34,3,43,NULL,58),(135,'01',28,33,4,44,NULL,59),(136,'02',32,37,5,45,NULL,59),(137,'01',30,36,6,46,NULL,60),(138,'02',27,32,7,47,NULL,60),(139,'01',28,33,8,48,NULL,61),(140,'02',29,34,9,49,NULL,61),(141,'01',30,35,10,50,NULL,62),(142,'02',32,37,11,51,NULL,62),(143,'03',31,36,12,52,NULL,62),(144,'01',29,33,13,53,NULL,63),(145,'02',33,38,14,54,NULL,63),(146,'01',30,35,15,55,NULL,64),(147,'02',28,33,16,56,NULL,64),(148,'03',32,37,17,57,NULL,64),(149,'01',30,35,18,58,NULL,65),(150,'02',33,38,19,59,NULL,65),(151,'01',27,32,20,60,NULL,66),(152,'02',30,36,1,1,NULL,66),(153,'01',28,33,2,2,NULL,67),(154,'02',29,34,3,3,NULL,67),(155,'03',30,35,4,4,NULL,67),(156,'01',31,36,5,5,NULL,68),(157,'02',27,32,6,6,NULL,68),(158,'01',28,33,7,7,NULL,69),(159,'02',29,34,8,8,NULL,69),(160,'01',30,40,5,12,NULL,70),(161,'02',30,40,6,13,NULL,70),(162,'03',30,40,7,14,NULL,70),(163,'01',35,45,8,15,NULL,71),(164,'02',35,45,9,16,NULL,71),(505,'03',30,50,5,4,3,41),(513,'01',14,30,14,14,NULL,34),(514,'02',20,25,20,20,NULL,36),(515,'01',12,35,12,12,NULL,33),(516,'01',14,30,14,14,NULL,34),(517,'04',10,40,5,10,17,6),(701,'01',30,30,4,1,NULL,389),(702,'02',30,30,2,2,NULL,389),(703,'01',25,25,3,3,NULL,390),(704,'02',25,25,4,4,NULL,390),(705,'01',35,35,5,5,NULL,391),(706,'02',35,35,6,6,NULL,391),(707,'01',20,20,7,7,NULL,392),(708,'02',20,20,8,8,NULL,392),(709,'01',40,40,9,9,NULL,393),(710,'02',40,40,10,10,NULL,393),(711,'03',11,11,11,11,NULL,393),(712,'01',30,30,12,12,NULL,394),(713,'02',13,13,13,13,NULL,394),(714,'04',10,10,5,10,17,394),(715,'01',25,25,14,14,NULL,395),(716,'02',15,15,15,15,NULL,395),(717,'01',35,35,16,16,NULL,396),(718,'02',17,17,17,17,NULL,396),(719,'03',18,18,18,18,NULL,396),(720,'01',20,20,19,19,NULL,397),(721,'02',20,20,20,20,NULL,397),(722,'01',30,30,1,21,NULL,398),(723,'02',30,30,2,22,NULL,398),(724,'01',25,25,3,23,NULL,399),(725,'02',25,25,4,24,NULL,399),(726,'03',20,20,5,25,NULL,399),(727,'01',40,40,6,26,NULL,400),(728,'02',40,40,7,27,NULL,400),(729,'01',35,35,8,28,NULL,401),(730,'02',35,35,9,29,NULL,401),(731,'01',20,20,10,30,NULL,402),(732,'02',20,20,11,31,NULL,402),(733,'01',30,30,12,32,NULL,403),(734,'02',30,30,13,33,NULL,403),(735,'01',25,25,14,34,NULL,404),(736,'02',25,25,15,35,NULL,404),(737,'01',35,35,16,36,NULL,405),(738,'02',35,35,17,37,NULL,405),(739,'03',30,30,18,38,NULL,405),(740,'01',20,20,19,39,NULL,406),(741,'02',20,20,20,40,NULL,406),(742,'01',30,30,1,41,NULL,407),(743,'02',30,30,2,42,NULL,407),(744,'01',25,25,3,43,NULL,408),(745,'02',25,25,4,44,NULL,408),(746,'03',20,20,5,45,NULL,408),(747,'01',40,40,6,46,NULL,409),(748,'02',40,40,7,47,NULL,409),(749,'01',35,35,8,48,NULL,410),(750,'02',35,35,9,49,NULL,410),(751,'01',20,20,10,50,NULL,411),(752,'02',20,20,11,51,NULL,411),(753,'01',30,30,12,52,NULL,412),(754,'02',30,30,13,53,NULL,412),(755,'01',25,25,14,54,NULL,413),(756,'02',25,25,15,55,NULL,413),(757,'01',35,35,16,56,NULL,414),(758,'02',35,35,17,57,NULL,414),(759,'03',30,30,18,58,NULL,414),(760,'01',20,20,19,59,NULL,415),(761,'02',20,20,20,60,NULL,415),(762,'01',30,30,1,1,NULL,416),(763,'02',30,30,2,2,NULL,416),(764,'01',25,25,3,3,NULL,417),(765,'02',25,25,4,4,NULL,417),(766,'01',40,40,6,6,NULL,418),(767,'02',40,40,7,7,NULL,418),(768,'01',35,35,8,8,NULL,419),(769,'02',35,35,9,9,NULL,419),(770,'01',20,20,10,10,NULL,420),(771,'02',20,20,11,11,NULL,420),(772,'01',30,30,12,12,NULL,421),(773,'02',30,30,13,13,NULL,421),(774,'01',12,12,12,12,NULL,421),(775,'01',25,25,14,14,NULL,422),(776,'02',25,25,15,15,NULL,422),(777,'01',14,14,14,14,NULL,422),(778,'01',14,14,14,14,NULL,422),(779,'01',35,35,16,16,NULL,423),(780,'02',35,35,17,17,NULL,423),(781,'03',30,30,18,18,NULL,423),(782,'01',20,20,19,19,NULL,424),(783,'02',20,20,20,20,NULL,424),(784,'02',20,20,20,20,NULL,424),(785,'01',30,30,1,21,NULL,425),(786,'02',30,30,2,22,NULL,425),(787,'01',35,35,8,28,NULL,426),(788,'01',20,20,10,30,NULL,427),(789,'02',20,20,11,31,NULL,427),(790,'03',30,30,5,4,3,427),(791,'01',30,30,1,1,NULL,430),(792,'02',30,30,2,2,NULL,430),(793,'01',25,25,3,3,NULL,431),(794,'02',25,25,4,4,NULL,431),(795,'01',35,35,5,5,NULL,432),(796,'02',35,35,6,6,NULL,432),(797,'01',20,20,7,7,NULL,433),(798,'02',20,20,8,8,NULL,433),(799,'01',40,40,9,9,NULL,434),(800,'02',40,40,10,10,NULL,434),(801,'03',11,11,11,11,NULL,434),(802,'01',30,30,12,12,NULL,435),(803,'02',13,13,13,13,NULL,435),(804,'04',10,10,5,10,17,435),(805,'01',25,25,14,14,NULL,436),(806,'02',15,15,15,15,NULL,436),(807,'01',35,35,16,16,NULL,437),(808,'02',17,17,17,17,NULL,437),(809,'03',18,18,18,18,NULL,437),(810,'01',20,20,19,19,NULL,438),(811,'02',20,20,20,20,NULL,438),(812,'01',30,30,1,21,NULL,439),(813,'02',30,30,2,22,NULL,439),(814,'01',25,25,3,23,NULL,440),(815,'02',25,25,4,24,NULL,440),(816,'03',20,20,5,25,NULL,440),(817,'01',40,40,6,26,NULL,441),(818,'02',40,40,7,27,NULL,441),(819,'01',35,35,8,28,NULL,442),(820,'02',35,35,9,29,NULL,442),(821,'01',20,20,10,30,NULL,443),(822,'02',20,20,11,31,NULL,443),(823,'01',30,30,12,32,NULL,444),(824,'02',30,30,13,33,NULL,444),(825,'01',25,25,14,34,NULL,445),(826,'02',25,25,15,35,NULL,445),(827,'01',35,35,16,36,NULL,446),(828,'02',35,35,17,37,NULL,446),(829,'03',30,30,18,38,NULL,446),(830,'01',20,20,19,39,NULL,447),(831,'02',20,20,20,40,NULL,447),(832,'01',30,30,1,41,NULL,448),(833,'02',30,30,2,42,NULL,448),(834,'01',25,25,3,43,NULL,449),(835,'02',25,25,4,44,NULL,449),(836,'03',20,20,5,45,NULL,449),(837,'01',40,40,6,46,NULL,450),(838,'02',40,40,7,47,NULL,450),(839,'01',35,35,8,48,NULL,451),(840,'02',35,35,9,49,NULL,451),(841,'01',20,20,10,50,NULL,452),(842,'02',20,20,11,51,NULL,452),(843,'01',30,30,12,52,NULL,453),(844,'02',30,30,13,53,NULL,453),(845,'01',25,25,14,54,NULL,454),(846,'02',25,25,15,55,NULL,454),(847,'01',35,35,16,56,NULL,455),(848,'02',35,35,17,57,NULL,455),(849,'03',30,30,18,58,NULL,455),(850,'01',20,20,19,59,NULL,456),(851,'02',20,20,20,60,NULL,456),(852,'01',30,30,11,1,NULL,457),(853,'02',30,30,2,2,NULL,457),(854,'01',25,25,3,3,NULL,458),(855,'02',25,25,4,4,NULL,458),(856,'01',40,40,6,6,NULL,459),(857,'02',40,40,7,7,NULL,459),(858,'01',35,35,8,8,NULL,460),(859,'02',35,35,9,9,NULL,460),(860,'01',20,20,10,10,NULL,461),(861,'02',20,20,11,11,NULL,461),(862,'01',30,30,12,12,NULL,462),(863,'02',30,30,13,13,NULL,462),(864,'01',12,12,12,12,NULL,462),(865,'01',25,25,14,14,NULL,463),(866,'02',25,25,15,15,NULL,463),(867,'01',14,14,14,14,NULL,463),(868,'01',14,14,14,14,NULL,463),(869,'01',35,35,16,16,NULL,464),(870,'02',35,35,17,17,NULL,464),(871,'03',30,30,18,18,NULL,464),(872,'01',20,20,19,19,NULL,465),(873,'02',20,20,20,20,NULL,465),(874,'02',20,20,20,20,NULL,465),(875,'01',30,30,1,21,NULL,466),(876,'02',30,30,2,22,NULL,466),(877,'01',35,35,8,28,NULL,467),(878,'01',20,20,10,30,NULL,468),(879,'02',20,20,11,31,NULL,468),(880,'03',30,30,5,4,3,468),(881,'01',30,30,NULL,1,NULL,471),(882,'02',30,30,2,2,NULL,471),(883,'01',25,25,3,3,NULL,472),(884,'02',25,25,4,4,NULL,472),(885,'01',35,35,5,5,NULL,473),(886,'02',35,35,6,6,NULL,473),(887,'01',20,20,7,7,NULL,474),(888,'02',20,20,8,8,NULL,474),(889,'01',40,40,9,9,NULL,475),(890,'02',40,40,10,10,1,475),(891,'03',11,11,11,11,NULL,475),(892,'01',30,30,12,12,NULL,476),(893,'02',13,13,13,13,NULL,476),(894,'04',10,10,5,10,17,476),(895,'01',25,25,14,14,NULL,477),(896,'02',15,15,15,15,2,477),(897,'01',35,35,16,16,NULL,478),(898,'02',17,17,17,17,NULL,478),(899,'03',18,18,18,18,NULL,478),(900,'01',20,20,19,19,NULL,479),(901,'02',20,20,20,20,NULL,479),(902,'01',30,30,NULL,21,NULL,480),(903,'02',30,30,2,22,NULL,480),(904,'01',25,25,3,23,NULL,481),(905,'02',25,25,4,24,NULL,481),(906,'03',20,20,5,25,NULL,481),(907,'01',40,40,6,26,NULL,482),(908,'02',40,40,7,27,NULL,482),(909,'01',35,35,8,28,NULL,483),(910,'02',35,35,9,29,NULL,483),(911,'01',20,20,10,30,NULL,484),(912,'02',20,20,11,31,NULL,484),(913,'01',30,30,12,32,NULL,485),(914,'02',30,30,13,33,NULL,485),(915,'01',25,25,14,34,NULL,486),(916,'02',25,25,15,35,NULL,486),(917,'01',35,35,16,36,NULL,487),(918,'02',35,35,17,37,NULL,487),(919,'03',30,30,18,38,NULL,487),(920,'01',20,20,19,39,NULL,488),(921,'02',20,20,20,40,NULL,488),(922,'01',30,30,NULL,41,NULL,489),(923,'02',30,30,2,42,NULL,489),(924,'01',25,25,3,43,NULL,490),(925,'02',25,25,4,44,NULL,490),(926,'03',20,20,5,45,NULL,490),(927,'01',40,40,6,46,NULL,491),(928,'02',40,40,7,47,NULL,491),(929,'01',35,35,8,48,NULL,492),(930,'02',35,35,9,49,NULL,492),(931,'01',20,20,10,50,NULL,493),(932,'02',20,20,11,51,NULL,493),(933,'01',30,30,12,52,NULL,494),(934,'02',30,30,13,53,NULL,494),(935,'01',25,25,14,54,NULL,495),(936,'02',25,25,15,55,NULL,495),(937,'01',35,35,16,56,NULL,496),(938,'02',35,35,17,57,NULL,496),(939,'03',30,30,18,58,NULL,496),(940,'01',20,20,19,59,NULL,497),(941,'02',20,20,20,60,NULL,497),(942,'01',30,30,NULL,1,NULL,498),(943,'02',30,30,2,2,NULL,498),(944,'01',25,25,3,3,NULL,499),(945,'02',25,25,4,4,NULL,499),(946,'01',40,40,6,6,NULL,500),(947,'02',40,40,7,7,NULL,500),(948,'01',35,35,8,8,NULL,501),(949,'02',35,35,9,9,NULL,501),(950,'01',20,20,10,10,NULL,502),(951,'02',20,20,11,11,NULL,502),(952,'01',30,30,12,12,NULL,503),(953,'02',30,30,13,13,NULL,503),(954,'01',12,12,12,12,NULL,503),(955,'01',25,25,14,14,NULL,504),(956,'02',25,25,15,15,NULL,504),(957,'01',14,14,14,14,NULL,504),(958,'01',14,14,14,14,NULL,504),(959,'01',35,35,16,16,NULL,505),(960,'02',35,35,17,17,NULL,505),(961,'03',30,30,18,18,NULL,505),(962,'01',20,20,19,19,NULL,506),(963,'02',20,20,20,20,NULL,506),(964,'02',20,20,20,20,NULL,506),(965,'01',30,30,NULL,21,NULL,507),(966,'02',30,30,2,22,NULL,507),(967,'01',35,35,8,28,NULL,508),(968,'01',20,20,10,30,NULL,509),(969,'02',20,20,11,31,NULL,509),(970,'03',30,30,5,4,3,509),(971,'01',30,30,NULL,1,NULL,512),(972,'02',30,30,2,2,NULL,512),(973,'01',25,25,3,3,NULL,513),(974,'02',25,25,4,4,NULL,513),(975,'01',5,35,5,14,NULL,514),(976,'02',35,35,6,6,NULL,514),(977,'01',20,20,7,7,NULL,515),(978,'02',20,20,8,8,NULL,515),(979,'01',40,40,9,9,NULL,516),(980,'02',40,40,10,10,1,516),(981,'03',11,11,11,11,NULL,516),(982,'01',30,30,12,12,NULL,517),(983,'02',13,13,13,13,NULL,517),(984,'04',10,10,5,10,17,517),(985,'01',25,25,14,14,NULL,518),(986,'02',15,15,15,15,2,518),(987,'01',35,35,16,16,NULL,519),(988,'02',17,17,17,17,NULL,519),(989,'03',18,18,18,18,NULL,519),(990,'01',20,20,19,19,NULL,520),(991,'02',20,20,20,20,NULL,520),(992,'01',30,30,NULL,21,NULL,521),(993,'02',30,30,2,22,NULL,521),(994,'01',25,25,3,23,NULL,522),(995,'02',25,25,4,24,NULL,522),(996,'03',20,20,5,25,NULL,522),(997,'01',40,40,6,26,NULL,523),(998,'02',40,40,7,27,NULL,523),(999,'01',35,35,8,28,NULL,524),(1000,'02',35,35,9,29,NULL,524),(1001,'01',20,20,10,30,NULL,525),(1002,'02',20,20,11,31,NULL,525),(1003,'01',30,30,12,32,NULL,526),(1004,'02',30,30,13,33,NULL,526),(1005,'01',25,25,14,34,NULL,527),(1006,'02',25,25,15,35,NULL,527),(1007,'01',35,35,16,36,NULL,528),(1008,'02',35,35,17,37,NULL,528),(1009,'03',30,30,18,38,NULL,528),(1010,'01',20,20,19,39,NULL,529),(1011,'02',20,20,20,40,NULL,529),(1012,'01',30,30,NULL,41,NULL,530),(1013,'02',30,30,2,42,NULL,530),(1014,'01',25,25,3,43,NULL,531),(1015,'02',25,25,4,44,NULL,531),(1016,'03',20,20,5,45,NULL,531),(1017,'01',40,40,6,46,NULL,532),(1018,'02',40,40,7,47,NULL,532),(1019,'01',35,35,8,48,NULL,533),(1020,'02',35,35,9,49,NULL,533),(1021,'01',20,20,10,50,NULL,534),(1022,'02',20,20,11,51,NULL,534),(1023,'01',30,30,12,52,NULL,535),(1024,'02',30,30,13,53,NULL,535),(1025,'01',25,25,14,54,NULL,536),(1026,'02',25,25,15,55,NULL,536),(1027,'01',35,35,16,56,NULL,537),(1028,'02',35,35,17,57,NULL,537),(1029,'03',30,30,18,58,NULL,537),(1030,'01',20,20,19,59,NULL,538),(1031,'02',20,20,20,60,NULL,538),(1032,'01',30,30,NULL,1,NULL,539),(1033,'02',30,30,2,2,NULL,539),(1034,'01',25,25,3,3,NULL,540),(1035,'02',25,25,4,4,NULL,540),(1036,'01',40,40,6,6,NULL,541),(1037,'02',40,40,7,7,NULL,541),(1038,'01',35,35,8,8,NULL,542),(1039,'02',35,35,9,9,NULL,542),(1040,'01',20,20,10,10,NULL,543),(1041,'02',20,20,11,11,NULL,543),(1042,'01',30,30,12,12,NULL,544),(1043,'02',30,30,13,13,NULL,544),(1044,'01',12,12,12,12,NULL,544),(1045,'01',25,25,14,14,NULL,545),(1046,'02',25,25,15,15,NULL,545),(1047,'01',14,14,14,14,NULL,545),(1048,'01',14,14,14,14,NULL,545),(1049,'01',35,35,16,16,NULL,546),(1050,'02',35,35,17,17,NULL,546),(1051,'03',30,30,18,18,NULL,546),(1052,'01',20,20,19,19,NULL,547),(1053,'02',20,20,20,20,NULL,547),(1054,'02',20,20,20,20,NULL,547),(1055,'01',30,30,NULL,21,NULL,548),(1056,'02',30,30,2,22,NULL,548),(1057,'01',35,35,8,28,NULL,549),(1058,'01',20,20,10,30,NULL,550),(1059,'02',20,20,11,31,NULL,550),(1060,'03',30,30,5,4,3,550),(1061,'01',30,30,NULL,1,NULL,554),(1062,'02',30,30,2,2,NULL,554),(1063,'01',12,25,3,12,NULL,555),(1064,'02',25,25,4,4,NULL,555),(1065,'01',35,35,5,5,NULL,556),(1066,'02',35,35,6,6,NULL,556),(1067,'01',20,20,7,7,NULL,557),(1069,'01',40,40,9,9,NULL,558),(1070,'02',40,40,10,10,1,558),(1071,'03',11,11,11,11,NULL,558),(1072,'01',30,30,12,12,NULL,559),(1073,'02',13,13,13,13,NULL,559),(1074,'04',10,10,5,10,17,559),(1075,'01',25,25,14,14,NULL,560),(1076,'02',15,15,15,15,2,560),(1077,'01',35,35,16,16,NULL,561),(1078,'02',17,17,17,17,NULL,561),(1079,'03',18,18,18,18,NULL,561),(1080,'01',20,20,19,19,NULL,562),(1081,'02',20,20,20,20,NULL,562),(1082,'01',30,30,NULL,21,NULL,563),(1083,'02',30,30,2,22,NULL,563),(1084,'01',25,25,3,23,NULL,564),(1085,'02',25,25,4,24,NULL,564),(1086,'03',20,20,5,25,NULL,564),(1087,'01',40,40,6,26,NULL,565),(1088,'02',40,40,7,27,NULL,565),(1089,'01',35,35,8,28,NULL,566),(1090,'02',35,35,9,29,NULL,566),(1091,'01',20,20,10,30,NULL,567),(1092,'02',20,20,11,31,NULL,567),(1093,'01',30,30,12,32,NULL,568),(1094,'02',30,30,13,33,NULL,568),(1095,'01',25,25,14,34,NULL,569),(1096,'02',25,25,15,35,NULL,569),(1097,'01',35,35,16,36,NULL,570),(1098,'02',35,35,17,37,NULL,570),(1099,'03',30,30,18,38,NULL,570),(1100,'01',20,20,19,39,NULL,571),(1101,'02',20,20,20,40,NULL,571),(1102,'01',30,30,NULL,41,NULL,572),(1103,'02',30,30,2,42,NULL,572),(1104,'01',25,25,3,43,NULL,573),(1105,'02',25,25,4,44,NULL,573),(1106,'03',20,20,5,45,NULL,573),(1107,'01',40,40,6,46,NULL,574),(1108,'02',40,40,7,47,NULL,574),(1109,'01',35,35,8,48,NULL,575),(1110,'02',35,35,9,49,NULL,575),(1111,'01',20,20,10,50,NULL,576),(1112,'02',20,20,11,51,NULL,576),(1113,'01',30,30,12,52,NULL,577),(1114,'02',30,30,13,53,NULL,577),(1115,'01',25,25,14,54,NULL,578),(1116,'02',25,25,15,55,NULL,578),(1117,'01',35,35,16,56,NULL,579),(1118,'02',35,35,17,57,NULL,579),(1119,'03',30,30,18,58,NULL,579),(1120,'01',20,20,19,59,NULL,580),(1121,'02',20,20,20,60,NULL,580),(1122,'01',30,30,NULL,1,NULL,581),(1123,'02',30,30,2,2,NULL,581),(1124,'01',25,25,3,3,NULL,582),(1125,'02',25,25,4,4,NULL,582),(1126,'01',40,40,6,6,NULL,583),(1127,'02',40,40,7,7,NULL,583),(1128,'01',35,35,8,8,NULL,584),(1129,'02',35,35,9,9,NULL,584),(1130,'01',20,20,10,10,NULL,585),(1131,'02',20,20,11,11,NULL,585),(1132,'01',30,30,12,12,NULL,586),(1133,'02',30,30,13,13,NULL,586),(1134,'01',12,12,12,12,NULL,586),(1135,'01',25,25,14,14,NULL,587),(1136,'02',25,25,15,15,NULL,587),(1137,'01',14,14,14,14,NULL,587),(1138,'01',14,14,14,14,NULL,587),(1139,'01',35,35,16,16,NULL,588),(1140,'02',35,35,17,17,NULL,588),(1141,'03',30,30,18,18,NULL,588),(1142,'01',20,20,19,19,NULL,589),(1143,'02',20,20,20,20,NULL,589),(1144,'02',20,20,20,20,NULL,589),(1145,'01',30,30,NULL,21,NULL,590),(1146,'02',30,30,2,22,NULL,590),(1147,'01',35,35,8,28,NULL,591),(1148,'01',20,20,10,30,NULL,592),(1149,'02',20,20,11,31,NULL,592),(1150,'03',30,30,5,4,3,592),(1152,'01',30,30,NULL,1,NULL,602),(1153,'02',30,30,2,2,NULL,602),(1154,'01',25,25,3,3,NULL,603),(1155,'02',25,25,4,4,NULL,603),(1156,'01',35,35,5,5,NULL,604),(1157,'02',35,35,6,6,NULL,604),(1158,'01',20,20,7,7,NULL,605),(1159,'02',20,20,8,8,NULL,605),(1160,'01',40,40,9,9,NULL,606),(1161,'02',40,40,10,10,1,606),(1162,'03',11,11,11,11,NULL,606),(1163,'01',30,30,12,12,NULL,607),(1164,'02',13,13,13,13,NULL,607),(1165,'04',10,10,5,10,17,607),(1166,'01',25,25,14,14,NULL,608),(1167,'02',15,15,15,15,2,608),(1168,'01',35,35,16,16,NULL,609),(1169,'02',17,17,17,17,NULL,609),(1170,'03',18,18,18,18,NULL,609),(1171,'01',20,20,19,19,NULL,610),(1172,'02',20,20,20,20,NULL,610),(1173,'01',30,30,NULL,21,NULL,611),(1174,'02',30,30,2,22,NULL,611),(1175,'01',25,25,3,23,NULL,612),(1176,'02',25,25,4,24,NULL,612),(1177,'03',20,20,5,25,NULL,612),(1178,'01',40,40,6,26,NULL,613),(1179,'02',40,40,7,27,NULL,613),(1180,'01',35,35,8,28,NULL,614),(1181,'02',35,35,9,29,NULL,614),(1182,'01',20,20,10,30,NULL,615),(1183,'02',20,20,11,31,NULL,615),(1184,'01',32,32,12,32,NULL,616),(1185,'02',30,30,13,33,NULL,616),(1188,'01',35,35,16,36,NULL,618),(1189,'02',35,35,17,37,NULL,618),(1190,'03',30,30,18,38,NULL,618),(1191,'01',20,20,19,39,NULL,619),(1192,'02',20,20,20,40,NULL,619),(1193,'01',30,30,NULL,41,NULL,620),(1194,'02',30,30,2,42,NULL,620),(1195,'01',25,25,3,43,NULL,621),(1196,'02',25,25,4,44,NULL,621),(1197,'03',20,20,5,45,NULL,621),(1198,'01',40,40,6,46,NULL,622),(1199,'02',40,40,7,47,NULL,622),(1200,'01',35,35,8,48,NULL,623),(1201,'02',35,35,9,49,NULL,623),(1202,'01',20,20,10,50,NULL,624),(1203,'02',20,20,11,51,NULL,624),(1204,'01',30,30,12,52,NULL,625),(1205,'02',30,30,13,53,NULL,625),(1206,'01',25,25,14,54,NULL,626),(1207,'02',25,25,15,55,NULL,626),(1208,'01',35,35,16,56,NULL,627),(1209,'02',35,35,17,57,NULL,627),(1210,'03',30,30,18,58,NULL,627),(1211,'01',20,20,19,59,NULL,628),(1212,'02',20,20,20,60,NULL,628),(1213,'01',30,30,NULL,1,NULL,629),(1214,'02',30,30,2,2,NULL,629),(1215,'01',25,25,3,3,NULL,630),(1216,'02',25,25,4,4,NULL,630),(1217,'01',40,40,6,6,NULL,631),(1218,'02',40,40,7,7,NULL,631),(1219,'01',35,35,8,8,NULL,632),(1220,'02',35,35,9,9,NULL,632),(1221,'01',20,20,10,10,NULL,633),(1222,'02',20,20,11,11,NULL,633),(1223,'01',30,30,12,12,NULL,634),(1224,'02',30,30,13,13,NULL,634),(1225,'01',12,12,12,12,NULL,634),(1226,'01',25,25,14,14,NULL,635),(1227,'02',25,25,15,15,NULL,635),(1228,'01',14,14,14,14,NULL,635),(1229,'01',14,14,14,14,NULL,635),(1230,'01',35,35,16,16,NULL,636),(1231,'02',35,35,17,17,NULL,636),(1232,'03',30,30,18,18,NULL,636),(1233,'01',20,20,19,19,NULL,637),(1234,'02',20,20,20,20,NULL,637),(1235,'02',20,20,20,20,NULL,637),(1236,'01',30,30,NULL,21,NULL,638),(1237,'02',30,30,2,22,NULL,638),(1238,'01',35,35,8,28,NULL,639),(1239,'01',20,20,10,30,NULL,640),(1240,'02',20,20,11,31,NULL,640),(1241,'03',30,30,5,4,3,640),(1244,'01',30,30,NULL,1,NULL,644),(1245,'02',30,30,2,2,NULL,644),(1246,'01',25,25,3,3,NULL,645),(1247,'02',25,25,NULL,4,NULL,645),(1248,'01',35,35,5,5,NULL,646),(1249,'02',35,35,6,6,NULL,646),(1250,'01',20,20,7,7,NULL,647),(1251,'02',20,20,8,8,NULL,647),(1252,'01',40,40,9,9,NULL,648),(1253,'02',40,40,10,10,1,648),(1254,'03',11,11,11,11,NULL,648),(1255,'01',30,30,12,12,NULL,649),(1256,'02',13,13,13,13,NULL,649),(1257,'04',10,10,5,10,17,649),(1258,'01',25,25,14,14,NULL,650),(1259,'02',15,15,15,15,2,650),(1260,'01',35,35,16,16,NULL,651),(1261,'02',17,17,17,17,NULL,651),(1262,'03',18,18,18,18,NULL,651),(1263,'01',20,20,19,19,NULL,652),(1264,'02',20,20,20,20,NULL,652),(1265,'01',30,30,NULL,21,NULL,653),(1266,'02',30,30,2,22,NULL,653),(1267,'01',25,25,3,23,NULL,654),(1268,'02',25,25,NULL,24,NULL,654),(1269,'03',20,20,5,25,NULL,654),(1270,'01',40,40,6,26,NULL,655),(1271,'02',40,40,7,27,NULL,655),(1272,'01',35,35,8,28,NULL,656),(1273,'02',35,35,9,29,NULL,656),(1274,'01',20,20,10,30,NULL,657),(1275,'02',20,20,11,31,NULL,657),(1276,'01',32,32,12,32,NULL,658),(1277,'02',30,30,13,33,NULL,658),(1278,'01',25,25,14,34,NULL,659),(1279,'02',25,25,15,35,NULL,659),(1280,'01',35,35,16,36,NULL,660),(1281,'02',35,35,17,37,NULL,660),(1282,'03',30,30,18,38,NULL,660),(1283,'01',20,20,19,39,NULL,661),(1284,'02',20,20,20,40,NULL,661),(1285,'01',30,30,NULL,41,NULL,662),(1286,'02',30,30,2,42,NULL,662),(1287,'01',25,25,3,43,NULL,663),(1288,'02',25,25,NULL,44,NULL,663),(1289,'03',20,20,5,45,NULL,663),(1290,'01',40,40,6,46,NULL,664),(1291,'02',40,40,7,47,NULL,664),(1292,'01',35,35,8,48,NULL,665),(1293,'02',35,35,9,49,NULL,665),(1294,'01',20,20,10,50,NULL,666),(1295,'02',20,20,11,51,NULL,666),(1296,'01',30,30,12,52,NULL,667),(1297,'02',30,30,13,53,NULL,667),(1298,'01',25,25,14,54,NULL,668),(1299,'02',25,25,15,55,NULL,668),(1300,'01',35,35,16,56,NULL,669),(1301,'02',35,35,17,57,NULL,669),(1302,'03',30,30,18,58,NULL,669),(1303,'01',20,20,19,59,NULL,670),(1304,'02',20,20,20,60,NULL,670),(1305,'01',30,30,NULL,1,NULL,671),(1306,'02',30,30,2,2,NULL,671),(1307,'01',25,25,3,3,NULL,672),(1308,'02',25,25,NULL,4,NULL,672),(1309,'01',40,40,6,6,NULL,673),(1310,'02',40,40,7,7,NULL,673),(1311,'01',35,35,8,8,NULL,674),(1312,'02',35,35,9,9,NULL,674),(1313,'01',20,20,10,10,NULL,675),(1314,'02',20,20,11,11,NULL,675),(1315,'01',30,30,12,12,NULL,676),(1316,'02',30,30,13,13,NULL,676),(1317,'01',12,12,12,12,NULL,676),(1318,'01',25,25,14,14,NULL,677),(1319,'02',25,25,15,15,NULL,677),(1320,'01',14,14,14,14,NULL,677),(1321,'01',14,14,14,14,NULL,677),(1322,'01',35,35,16,16,NULL,678),(1323,'02',35,35,17,17,NULL,678),(1324,'03',30,30,18,18,NULL,678),(1325,'01',20,20,19,19,NULL,679),(1326,'02',20,20,20,20,NULL,679),(1327,'02',20,20,20,20,NULL,679),(1328,'01',30,30,NULL,21,NULL,680),(1329,'02',30,30,2,22,NULL,680),(1330,'01',35,35,8,28,NULL,681),(1331,'01',20,20,10,30,NULL,682),(1332,'02',20,20,11,31,NULL,682),(1333,'03',30,30,5,4,3,682);
/*!40000 ALTER TABLE `section` ENABLE KEYS */;
UNLOCK TABLES;

--
-- Table structure for table `section_schedule`
--

DROP TABLE IF EXISTS `section_schedule`;
/*!40101 SET @saved_cs_client     = @@character_set_client */;
/*!50503 SET character_set_client = utf8mb4 */;
CREATE TABLE `section_schedule` (
  `section_scheduled_id` bigint NOT NULL AUTO_INCREMENT,
  `section_id` bigint DEFAULT NULL,
  `week_day` int DEFAULT NULL,
  `start_time` time(6) DEFAULT NULL,
  `end_time` time(6) DEFAULT NULL,
  PRIMARY KEY (`section_scheduled_id`),
  KEY `section_schedule_section_FK` (`section_id`),
  CONSTRAINT `section_schedule_section_FK` FOREIGN KEY (`section_id`) REFERENCES `section` (`section_id`)
) ENGINE=InnoDB AUTO_INCREMENT=1774 DEFAULT CHARSET=utf8mb4 COLLATE=utf8mb4_0900_ai_ci;
/*!40101 SET character_set_client = @saved_cs_client */;

--
-- Dumping data for table `section_schedule`
--

LOCK TABLES `section_schedule` WRITE;
/*!40000 ALTER TABLE `section_schedule` DISABLE KEYS */;
INSERT INTO `section_schedule` VALUES (37,1,1,'08:00:00.000000','09:30:00.000000'),(38,2,2,'09:00:00.000000','10:30:00.000000'),(39,2,4,'11:00:00.000000','12:30:00.000000'),(40,3,3,'10:00:00.000000','11:30:00.000000'),(41,4,1,'08:00:00.000000','09:30:00.000000'),(42,4,5,'10:00:00.000000','11:30:00.000000'),(43,5,2,'09:00:00.000000','10:30:00.000000'),(44,6,1,'13:00:00.000000','14:30:00.000000'),(45,6,1,'15:00:00.000000','16:30:00.000000'),(46,7,3,'10:00:00.000000','11:30:00.000000'),(47,8,1,'08:00:00.000000','09:30:00.000000'),(48,8,5,'10:00:00.000000','11:30:00.000000'),(49,9,2,'09:00:00.000000','10:30:00.000000'),(50,10,2,'14:00:00.000000','15:30:00.000000'),(51,10,2,'16:00:00.000000','17:30:00.000000'),(52,11,3,'10:00:00.000000','11:30:00.000000'),(53,12,1,'08:00:00.000000','09:30:00.000000'),(54,12,5,'10:00:00.000000','11:30:00.000000'),(55,13,2,'09:00:00.000000','10:30:00.000000'),(56,14,3,'13:00:00.000000','14:30:00.000000'),(57,14,3,'15:00:00.000000','16:30:00.000000'),(58,15,3,'10:00:00.000000','11:30:00.000000'),(59,16,1,'08:00:00.000000','09:30:00.000000'),(61,18,4,'11:00:00.000000','12:30:00.000000'),(62,19,5,'14:00:00.000000','15:30:00.000000'),(63,20,3,'10:00:00.000000','11:30:00.000000'),(64,21,4,'13:00:00.000000','14:30:00.000000'),(65,22,4,'15:00:00.000000','16:30:00.000000'),(66,23,4,'09:00:00.000000','10:30:00.000000'),(67,24,1,'08:00:00.000000','09:30:00.000000'),(68,25,2,'09:00:00.000000','10:30:00.000000'),(69,26,5,'14:00:00.000000','15:30:00.000000'),(70,27,5,'16:00:00.000000','17:30:00.000000'),(137,27,1,'08:00:00.000000','09:30:00.000000'),(138,28,2,'09:00:00.000000','10:30:00.000000'),(139,29,3,'10:00:00.000000','11:30:00.000000'),(140,30,4,'11:00:00.000000','12:30:00.000000'),(141,31,5,'12:00:00.000000','13:30:00.000000'),(143,33,1,'14:00:00.000000','15:30:00.000000'),(144,34,1,'08:00:00.000000','09:30:00.000000'),(145,35,2,'09:00:00.000000','10:30:00.000000'),(146,36,3,'10:00:00.000000','11:30:00.000000'),(147,37,4,'11:00:00.000000','12:30:00.000000'),(148,38,5,'12:00:00.000000','13:30:00.000000'),(149,39,2,'13:00:00.000000','14:30:00.000000'),(150,40,2,'14:00:00.000000','15:30:00.000000'),(151,41,1,'08:00:00.000000','09:30:00.000000'),(152,42,2,'09:00:00.000000','10:30:00.000000'),(153,43,3,'10:00:00.000000','11:30:00.000000'),(154,44,4,'11:00:00.000000','12:30:00.000000'),(155,45,5,'12:00:00.000000','13:30:00.000000'),(156,46,3,'13:00:00.000000','14:30:00.000000'),(157,47,3,'14:00:00.000000','15:30:00.000000'),(158,48,1,'08:00:00.000000','09:30:00.000000'),(159,49,2,'09:00:00.000000','10:30:00.000000'),(160,50,3,'10:00:00.000000','11:30:00.000000'),(161,51,4,'11:00:00.000000','12:30:00.000000'),(163,53,4,'13:00:00.000000','14:30:00.000000'),(164,54,4,'14:00:00.000000','15:30:00.000000'),(165,55,1,'08:00:00.000000','09:30:00.000000'),(166,56,2,'09:00:00.000000','10:30:00.000000'),(167,57,3,'10:00:00.000000','11:30:00.000000'),(168,58,4,'11:00:00.000000','12:30:00.000000'),(169,59,5,'12:00:00.000000','13:30:00.000000'),(170,60,5,'13:00:00.000000','14:30:00.000000'),(172,62,1,'08:00:00.000000','09:30:00.000000'),(173,63,2,'09:00:00.000000','10:30:00.000000'),(174,64,3,'10:00:00.000000','11:30:00.000000'),(176,66,5,'12:00:00.000000','13:30:00.000000'),(177,67,1,'13:00:00.000000','14:30:00.000000'),(178,68,1,'14:00:00.000000','15:30:00.000000'),(179,69,1,'08:00:00.000000','09:30:00.000000'),(180,70,2,'09:00:00.000000','10:30:00.000000'),(181,71,3,'10:00:00.000000','11:30:00.000000'),(182,72,4,'11:00:00.000000','12:30:00.000000'),(183,73,5,'12:00:00.000000','13:30:00.000000'),(184,74,2,'13:00:00.000000','14:30:00.000000'),(185,75,2,'14:00:00.000000','15:30:00.000000'),(186,76,1,'08:00:00.000000','09:30:00.000000'),(187,77,2,'09:00:00.000000','10:30:00.000000'),(188,78,3,'10:00:00.000000','11:30:00.000000'),(189,79,4,'11:00:00.000000','12:30:00.000000'),(190,80,5,'12:00:00.000000','13:30:00.000000'),(191,81,3,'13:00:00.000000','14:30:00.000000'),(192,82,3,'14:00:00.000000','15:30:00.000000'),(198,88,4,'13:00:00.000000','14:30:00.000000'),(200,90,1,'08:00:00.000000','09:30:00.000000'),(201,91,2,'09:00:00.000000','10:30:00.000000'),(202,92,1,'08:00:00.000000','09:30:00.000000'),(203,93,2,'09:00:00.000000','10:30:00.000000'),(204,94,3,'10:00:00.000000','11:30:00.000000'),(205,95,4,'11:00:00.000000','12:30:00.000000'),(206,96,5,'12:00:00.000000','13:30:00.000000'),(207,97,5,'13:00:00.000000','14:30:00.000000'),(208,98,4,'14:00:00.000000','15:30:00.000000'),(209,99,1,'08:00:00.000000','09:30:00.000000'),(210,100,2,'09:00:00.000000','10:30:00.000000'),(211,101,3,'10:00:00.000000','11:30:00.000000'),(212,102,4,'11:00:00.000000','12:30:00.000000'),(213,103,5,'12:00:00.000000','13:30:00.000000'),(214,104,1,'13:00:00.000000','14:30:00.000000'),(215,105,5,'14:00:00.000000','15:30:00.000000'),(216,106,1,'08:00:00.000000','09:30:00.000000'),(217,107,2,'09:00:00.000000','10:30:00.000000'),(218,108,3,'10:00:00.000000','11:30:00.000000'),(219,109,4,'11:00:00.000000','12:30:00.000000'),(220,110,5,'12:00:00.000000','13:30:00.000000'),(221,111,2,'13:00:00.000000','14:30:00.000000'),(222,112,1,'14:00:00.000000','15:30:00.000000'),(223,113,1,'08:00:00.000000','09:30:00.000000'),(224,114,2,'09:00:00.000000','10:30:00.000000'),(225,115,3,'10:00:00.000000','11:30:00.000000'),(226,116,4,'11:00:00.000000','12:30:00.000000'),(227,117,5,'12:00:00.000000','13:30:00.000000'),(228,118,3,'13:00:00.000000','14:30:00.000000'),(229,119,2,'14:00:00.000000','15:30:00.000000'),(230,120,1,'08:00:00.000000','09:30:00.000000'),(231,121,2,'09:00:00.000000','10:30:00.000000'),(232,122,3,'10:00:00.000000','11:30:00.000000'),(233,123,4,'11:00:00.000000','12:30:00.000000'),(234,124,5,'12:00:00.000000','13:30:00.000000'),(235,125,4,'13:00:00.000000','14:30:00.000000'),(236,126,3,'14:00:00.000000','15:30:00.000000'),(237,127,1,'08:00:00.000000','09:30:00.000000'),(238,128,2,'09:00:00.000000','10:30:00.000000'),(239,129,3,'10:00:00.000000','11:30:00.000000'),(240,130,4,'11:00:00.000000','12:30:00.000000'),(241,131,5,'12:00:00.000000','13:30:00.000000'),(242,132,5,'13:00:00.000000','14:30:00.000000'),(243,133,4,'14:00:00.000000','15:30:00.000000'),(244,134,1,'08:00:00.000000','09:30:00.000000'),(245,135,2,'09:00:00.000000','10:30:00.000000'),(246,136,3,'10:00:00.000000','11:30:00.000000'),(247,137,4,'11:00:00.000000','12:30:00.000000'),(248,138,5,'12:00:00.000000','13:30:00.000000'),(249,139,1,'13:00:00.000000','14:30:00.000000'),(250,140,5,'14:00:00.000000','15:30:00.000000'),(251,141,1,'08:00:00.000000','09:30:00.000000'),(252,142,2,'09:00:00.000000','10:30:00.000000'),(253,143,3,'10:00:00.000000','11:30:00.000000'),(254,144,4,'11:00:00.000000','12:30:00.000000'),(255,145,5,'12:00:00.000000','13:30:00.000000'),(256,146,2,'13:00:00.000000','14:30:00.000000'),(257,147,1,'14:00:00.000000','15:30:00.000000'),(258,148,1,'08:00:00.000000','09:30:00.000000'),(259,149,2,'09:00:00.000000','10:30:00.000000'),(260,150,3,'10:00:00.000000','11:30:00.000000'),(261,151,4,'11:00:00.000000','12:30:00.000000'),(262,152,5,'12:00:00.000000','13:30:00.000000'),(263,153,3,'13:00:00.000000','14:30:00.000000'),(264,154,2,'14:00:00.000000','15:30:00.000000'),(265,155,1,'08:00:00.000000','09:30:00.000000'),(266,156,2,'09:00:00.000000','10:30:00.000000'),(267,157,3,'10:00:00.000000','11:30:00.000000'),(268,158,4,'11:00:00.000000','12:30:00.000000'),(269,159,5,'12:00:00.000000','13:30:00.000000'),(270,160,1,'08:00:00.000000','09:30:00.000000'),(271,160,3,'10:00:00.000000','11:30:00.000000'),(272,160,5,'13:00:00.000000','14:30:00.000000'),(273,161,1,'09:00:00.000000','10:30:00.000000'),(274,161,4,'11:00:00.000000','12:30:00.000000'),(275,162,2,'08:00:00.000000','09:30:00.000000'),(276,162,4,'10:00:00.000000','11:30:00.000000'),(277,163,1,'09:00:00.000000','10:30:00.000000'),(278,163,4,'11:00:00.000000','12:30:00.000000'),(279,164,3,'08:00:00.000000','09:30:00.000000'),(280,164,5,'10:00:00.000000','11:30:00.000000'),(281,164,5,'13:00:00.000000','14:30:00.000000'),(815,505,3,'10:00:00.000000','12:00:00.000000'),(825,513,2,'13:00:00.000000','14:30:00.000000'),(826,513,3,'13:00:00.000000','14:30:00.000000'),(827,514,4,'12:00:00.000000','13:30:00.000000'),(828,514,5,'12:00:00.000000','13:30:00.000000'),(829,515,4,'11:00:00.000000','12:30:00.000000'),(830,516,2,'13:00:00.000000','14:30:00.000000'),(831,517,4,'13:00:00.000000','16:00:00.000000'),(835,517,1,'13:00:00.000000','16:00:00.000000'),(837,15,5,'10:00:00.000000','11:30:00.000000'),(838,11,1,'10:00:00.000000','11:30:00.000000'),(839,18,5,'11:00:00.000000','12:30:00.000000'),(840,17,3,'09:00:00.000000','10:30:00.000000'),(1045,701,1,'09:30:00.000000','09:30:00.000000'),(1046,702,2,'10:30:00.000000','10:30:00.000000'),(1047,702,4,'12:30:00.000000','12:30:00.000000'),(1048,703,3,'11:30:00.000000','11:30:00.000000'),(1049,704,1,'09:30:00.000000','09:30:00.000000'),(1050,704,5,'11:30:00.000000','11:30:00.000000'),(1051,705,2,'10:30:00.000000','10:30:00.000000'),(1052,706,1,'14:30:00.000000','14:30:00.000000'),(1053,706,1,'16:30:00.000000','16:30:00.000000'),(1054,707,3,'11:30:00.000000','11:30:00.000000'),(1055,708,1,'09:30:00.000000','09:30:00.000000'),(1056,708,5,'11:30:00.000000','11:30:00.000000'),(1057,709,2,'10:30:00.000000','10:30:00.000000'),(1058,710,2,'15:30:00.000000','15:30:00.000000'),(1059,710,2,'17:30:00.000000','17:30:00.000000'),(1060,711,3,'11:30:00.000000','11:30:00.000000'),(1061,711,1,'11:30:00.000000','11:30:00.000000'),(1062,712,1,'09:30:00.000000','09:30:00.000000'),(1063,712,5,'11:30:00.000000','11:30:00.000000'),(1064,713,2,'10:30:00.000000','10:30:00.000000'),(1065,714,4,'16:00:00.000000','16:00:00.000000'),(1066,714,1,'16:00:00.000000','16:00:00.000000'),(1067,715,3,'14:30:00.000000','14:30:00.000000'),(1068,715,3,'16:30:00.000000','16:30:00.000000'),(1069,716,3,'11:30:00.000000','11:30:00.000000'),(1070,716,5,'11:30:00.000000','11:30:00.000000'),(1071,717,1,'09:30:00.000000','09:30:00.000000'),(1072,718,3,'10:30:00.000000','10:30:00.000000'),(1073,719,4,'12:30:00.000000','12:30:00.000000'),(1074,719,5,'12:30:00.000000','12:30:00.000000'),(1075,720,5,'15:30:00.000000','15:30:00.000000'),(1076,721,3,'11:30:00.000000','11:30:00.000000'),(1077,722,4,'14:30:00.000000','14:30:00.000000'),(1078,723,4,'16:30:00.000000','16:30:00.000000'),(1079,724,4,'10:30:00.000000','10:30:00.000000'),(1080,725,1,'09:30:00.000000','09:30:00.000000'),(1081,726,2,'10:30:00.000000','10:30:00.000000'),(1082,727,5,'15:30:00.000000','15:30:00.000000'),(1083,728,5,'17:30:00.000000','17:30:00.000000'),(1084,728,1,'09:30:00.000000','09:30:00.000000'),(1085,729,2,'10:30:00.000000','10:30:00.000000'),(1086,730,3,'11:30:00.000000','11:30:00.000000'),(1087,731,4,'12:30:00.000000','12:30:00.000000'),(1088,732,5,'13:30:00.000000','13:30:00.000000'),(1089,733,1,'14:30:00.000000','14:30:00.000000'),(1090,734,1,'15:30:00.000000','15:30:00.000000'),(1091,735,1,'09:30:00.000000','09:30:00.000000'),(1092,736,2,'10:30:00.000000','10:30:00.000000'),(1093,737,3,'11:30:00.000000','11:30:00.000000'),(1094,738,4,'12:30:00.000000','12:30:00.000000'),(1095,739,5,'13:30:00.000000','13:30:00.000000'),(1096,740,2,'14:30:00.000000','14:30:00.000000'),(1097,741,2,'15:30:00.000000','15:30:00.000000'),(1098,742,1,'09:30:00.000000','09:30:00.000000'),(1099,743,2,'10:30:00.000000','10:30:00.000000'),(1100,744,3,'11:30:00.000000','11:30:00.000000'),(1101,745,4,'12:30:00.000000','12:30:00.000000'),(1102,746,5,'13:30:00.000000','13:30:00.000000'),(1103,747,3,'14:30:00.000000','14:30:00.000000'),(1104,748,3,'15:30:00.000000','15:30:00.000000'),(1105,749,1,'09:30:00.000000','09:30:00.000000'),(1106,750,2,'10:30:00.000000','10:30:00.000000'),(1107,751,3,'11:30:00.000000','11:30:00.000000'),(1108,752,4,'12:30:00.000000','12:30:00.000000'),(1109,754,4,'14:30:00.000000','14:30:00.000000'),(1110,755,4,'15:30:00.000000','15:30:00.000000'),(1111,756,1,'09:30:00.000000','09:30:00.000000'),(1112,757,2,'10:30:00.000000','10:30:00.000000'),(1113,758,3,'11:30:00.000000','11:30:00.000000'),(1114,759,4,'12:30:00.000000','12:30:00.000000'),(1115,760,5,'13:30:00.000000','13:30:00.000000'),(1116,761,5,'14:30:00.000000','14:30:00.000000'),(1117,763,1,'09:30:00.000000','09:30:00.000000'),(1118,764,2,'10:30:00.000000','10:30:00.000000'),(1119,765,3,'11:30:00.000000','11:30:00.000000'),(1120,766,5,'13:30:00.000000','13:30:00.000000'),(1121,767,1,'14:30:00.000000','14:30:00.000000'),(1122,768,1,'15:30:00.000000','15:30:00.000000'),(1123,769,1,'09:30:00.000000','09:30:00.000000'),(1124,770,2,'10:30:00.000000','10:30:00.000000'),(1125,771,3,'11:30:00.000000','11:30:00.000000'),(1126,772,4,'12:30:00.000000','12:30:00.000000'),(1127,773,5,'13:30:00.000000','13:30:00.000000'),(1128,774,4,'12:30:00.000000','12:30:00.000000'),(1129,775,2,'14:30:00.000000','14:30:00.000000'),(1130,776,2,'15:30:00.000000','15:30:00.000000'),(1131,777,2,'14:30:00.000000','14:30:00.000000'),(1132,777,3,'14:30:00.000000','14:30:00.000000'),(1133,778,2,'14:30:00.000000','14:30:00.000000'),(1134,779,1,'09:30:00.000000','09:30:00.000000'),(1135,780,2,'10:30:00.000000','10:30:00.000000'),(1136,781,3,'11:30:00.000000','11:30:00.000000'),(1137,782,4,'12:30:00.000000','12:30:00.000000'),(1138,783,5,'13:30:00.000000','13:30:00.000000'),(1139,784,4,'13:30:00.000000','13:30:00.000000'),(1140,784,5,'13:30:00.000000','13:30:00.000000'),(1141,785,3,'14:30:00.000000','14:30:00.000000'),(1142,786,3,'15:30:00.000000','15:30:00.000000'),(1143,787,4,'14:30:00.000000','14:30:00.000000'),(1144,788,1,'09:30:00.000000','09:30:00.000000'),(1145,789,2,'10:30:00.000000','10:30:00.000000'),(1146,790,3,'12:00:00.000000','12:00:00.000000'),(1147,791,1,'09:30:00.000000','09:30:00.000000'),(1148,792,2,'10:30:00.000000','10:30:00.000000'),(1149,792,4,'12:30:00.000000','12:30:00.000000'),(1150,793,3,'11:30:00.000000','11:30:00.000000'),(1151,794,1,'09:30:00.000000','09:30:00.000000'),(1152,794,5,'11:30:00.000000','11:30:00.000000'),(1153,795,2,'10:30:00.000000','10:30:00.000000'),(1154,796,1,'14:30:00.000000','14:30:00.000000'),(1155,796,1,'16:30:00.000000','16:30:00.000000'),(1156,797,3,'11:30:00.000000','11:30:00.000000'),(1157,798,1,'09:30:00.000000','09:30:00.000000'),(1158,798,5,'11:30:00.000000','11:30:00.000000'),(1159,799,2,'10:30:00.000000','10:30:00.000000'),(1160,800,2,'15:30:00.000000','15:30:00.000000'),(1161,800,2,'17:30:00.000000','17:30:00.000000'),(1162,801,3,'11:30:00.000000','11:30:00.000000'),(1163,801,1,'11:30:00.000000','11:30:00.000000'),(1164,802,1,'09:30:00.000000','09:30:00.000000'),(1165,802,5,'11:30:00.000000','11:30:00.000000'),(1166,803,2,'10:30:00.000000','10:30:00.000000'),(1167,804,4,'16:00:00.000000','16:00:00.000000'),(1168,804,1,'16:00:00.000000','16:00:00.000000'),(1169,805,3,'14:30:00.000000','14:30:00.000000'),(1170,805,3,'16:30:00.000000','16:30:00.000000'),(1171,806,3,'11:30:00.000000','11:30:00.000000'),(1172,806,5,'11:30:00.000000','11:30:00.000000'),(1173,807,1,'09:30:00.000000','09:30:00.000000'),(1174,808,3,'10:30:00.000000','10:30:00.000000'),(1175,809,4,'12:30:00.000000','12:30:00.000000'),(1176,809,5,'12:30:00.000000','12:30:00.000000'),(1177,810,5,'15:30:00.000000','15:30:00.000000'),(1178,811,3,'11:30:00.000000','11:30:00.000000'),(1179,812,4,'14:30:00.000000','14:30:00.000000'),(1180,813,4,'16:30:00.000000','16:30:00.000000'),(1181,814,4,'10:30:00.000000','10:30:00.000000'),(1182,815,1,'09:30:00.000000','09:30:00.000000'),(1183,816,2,'10:30:00.000000','10:30:00.000000'),(1184,817,5,'15:30:00.000000','15:30:00.000000'),(1185,818,5,'17:30:00.000000','17:30:00.000000'),(1186,818,1,'09:30:00.000000','09:30:00.000000'),(1187,819,2,'10:30:00.000000','10:30:00.000000'),(1188,820,3,'11:30:00.000000','11:30:00.000000'),(1189,821,4,'12:30:00.000000','12:30:00.000000'),(1190,822,5,'13:30:00.000000','13:30:00.000000'),(1191,823,1,'14:30:00.000000','14:30:00.000000'),(1192,824,1,'15:30:00.000000','15:30:00.000000'),(1193,825,1,'09:30:00.000000','09:30:00.000000'),(1194,826,2,'10:30:00.000000','10:30:00.000000'),(1195,827,3,'11:30:00.000000','11:30:00.000000'),(1196,828,4,'12:30:00.000000','12:30:00.000000'),(1197,829,5,'13:30:00.000000','13:30:00.000000'),(1198,830,2,'14:30:00.000000','14:30:00.000000'),(1199,831,2,'15:30:00.000000','15:30:00.000000'),(1200,832,1,'09:30:00.000000','09:30:00.000000'),(1201,833,2,'10:30:00.000000','10:30:00.000000'),(1202,834,3,'11:30:00.000000','11:30:00.000000'),(1203,835,4,'12:30:00.000000','12:30:00.000000'),(1204,836,5,'13:30:00.000000','13:30:00.000000'),(1205,837,3,'14:30:00.000000','14:30:00.000000'),(1206,838,3,'15:30:00.000000','15:30:00.000000'),(1207,839,1,'09:30:00.000000','09:30:00.000000'),(1208,840,2,'10:30:00.000000','10:30:00.000000'),(1209,841,3,'11:30:00.000000','11:30:00.000000'),(1210,842,4,'12:30:00.000000','12:30:00.000000'),(1211,844,4,'14:30:00.000000','14:30:00.000000'),(1212,845,4,'15:30:00.000000','15:30:00.000000'),(1213,846,1,'09:30:00.000000','09:30:00.000000'),(1214,847,2,'10:30:00.000000','10:30:00.000000'),(1215,848,3,'11:30:00.000000','11:30:00.000000'),(1216,849,4,'12:30:00.000000','12:30:00.000000'),(1217,850,5,'13:30:00.000000','13:30:00.000000'),(1218,851,5,'14:30:00.000000','14:30:00.000000'),(1219,853,1,'09:30:00.000000','09:30:00.000000'),(1220,854,2,'10:30:00.000000','10:30:00.000000'),(1221,855,3,'11:30:00.000000','11:30:00.000000'),(1222,856,5,'13:30:00.000000','13:30:00.000000'),(1223,857,1,'14:30:00.000000','14:30:00.000000'),(1224,858,1,'15:30:00.000000','15:30:00.000000'),(1225,859,1,'09:30:00.000000','09:30:00.000000'),(1226,860,2,'10:30:00.000000','10:30:00.000000'),(1227,861,3,'11:30:00.000000','11:30:00.000000'),(1228,862,4,'12:30:00.000000','12:30:00.000000'),(1229,863,5,'13:30:00.000000','13:30:00.000000'),(1230,864,4,'12:30:00.000000','12:30:00.000000'),(1231,865,2,'14:30:00.000000','14:30:00.000000'),(1232,866,2,'15:30:00.000000','15:30:00.000000'),(1233,867,2,'14:30:00.000000','14:30:00.000000'),(1234,867,3,'14:30:00.000000','14:30:00.000000'),(1235,868,2,'14:30:00.000000','14:30:00.000000'),(1236,869,1,'09:30:00.000000','09:30:00.000000'),(1237,870,2,'10:30:00.000000','10:30:00.000000'),(1238,871,3,'11:30:00.000000','11:30:00.000000'),(1239,872,4,'12:30:00.000000','12:30:00.000000'),(1240,873,5,'13:30:00.000000','13:30:00.000000'),(1241,874,4,'13:30:00.000000','13:30:00.000000'),(1242,874,5,'13:30:00.000000','13:30:00.000000'),(1243,875,3,'14:30:00.000000','14:30:00.000000'),(1244,876,3,'15:30:00.000000','15:30:00.000000'),(1245,877,4,'14:30:00.000000','14:30:00.000000'),(1246,878,1,'09:30:00.000000','09:30:00.000000'),(1247,879,2,'10:30:00.000000','10:30:00.000000'),(1248,880,3,'12:00:00.000000','12:00:00.000000'),(1249,881,1,'08:00:00.000000','09:30:00.000000'),(1250,882,2,'09:00:00.000000','10:30:00.000000'),(1251,882,4,'11:00:00.000000','12:30:00.000000'),(1252,883,3,'10:00:00.000000','11:30:00.000000'),(1253,884,1,'08:00:00.000000','09:30:00.000000'),(1254,884,5,'10:00:00.000000','11:30:00.000000'),(1255,885,2,'09:00:00.000000','10:30:00.000000'),(1256,886,1,'13:00:00.000000','14:30:00.000000'),(1257,886,1,'15:00:00.000000','16:30:00.000000'),(1258,887,3,'10:00:00.000000','11:30:00.000000'),(1259,888,1,'08:00:00.000000','09:30:00.000000'),(1260,888,5,'10:00:00.000000','11:30:00.000000'),(1261,889,2,'09:00:00.000000','10:30:00.000000'),(1262,890,2,'14:00:00.000000','15:30:00.000000'),(1263,890,2,'16:00:00.000000','17:30:00.000000'),(1264,891,3,'10:00:00.000000','11:30:00.000000'),(1265,891,1,'10:00:00.000000','11:30:00.000000'),(1266,892,1,'08:00:00.000000','09:30:00.000000'),(1267,892,5,'10:00:00.000000','11:30:00.000000'),(1268,893,2,'09:00:00.000000','10:30:00.000000'),(1269,894,4,'13:00:00.000000','16:00:00.000000'),(1270,894,1,'13:00:00.000000','16:00:00.000000'),(1271,895,3,'13:00:00.000000','14:30:00.000000'),(1272,895,3,'15:00:00.000000','16:30:00.000000'),(1273,896,3,'10:00:00.000000','11:30:00.000000'),(1274,896,5,'10:00:00.000000','11:30:00.000000'),(1275,897,1,'08:00:00.000000','09:30:00.000000'),(1276,898,3,'09:00:00.000000','10:30:00.000000'),(1277,899,4,'11:00:00.000000','12:30:00.000000'),(1278,899,5,'11:00:00.000000','12:30:00.000000'),(1279,900,5,'14:00:00.000000','15:30:00.000000'),(1280,901,3,'10:00:00.000000','11:30:00.000000'),(1281,902,4,'13:00:00.000000','14:30:00.000000'),(1282,903,4,'15:00:00.000000','16:30:00.000000'),(1283,904,4,'09:00:00.000000','10:30:00.000000'),(1284,905,1,'08:00:00.000000','09:30:00.000000'),(1285,906,2,'09:00:00.000000','10:30:00.000000'),(1286,907,5,'14:00:00.000000','15:30:00.000000'),(1287,908,5,'16:00:00.000000','17:30:00.000000'),(1288,908,1,'08:00:00.000000','09:30:00.000000'),(1289,909,2,'09:00:00.000000','10:30:00.000000'),(1290,910,3,'10:00:00.000000','11:30:00.000000'),(1291,911,4,'11:00:00.000000','12:30:00.000000'),(1292,912,5,'12:00:00.000000','13:30:00.000000'),(1293,913,1,'13:00:00.000000','14:30:00.000000'),(1294,914,1,'14:00:00.000000','15:30:00.000000'),(1295,915,1,'08:00:00.000000','09:30:00.000000'),(1296,916,2,'09:00:00.000000','10:30:00.000000'),(1297,917,3,'10:00:00.000000','11:30:00.000000'),(1298,918,4,'11:00:00.000000','12:30:00.000000'),(1299,919,5,'12:00:00.000000','13:30:00.000000'),(1300,920,2,'13:00:00.000000','14:30:00.000000'),(1301,921,2,'14:00:00.000000','15:30:00.000000'),(1302,922,1,'08:00:00.000000','09:30:00.000000'),(1303,923,2,'09:00:00.000000','10:30:00.000000'),(1304,924,3,'10:00:00.000000','11:30:00.000000'),(1305,925,4,'11:00:00.000000','12:30:00.000000'),(1306,926,5,'12:00:00.000000','13:30:00.000000'),(1307,927,3,'13:00:00.000000','14:30:00.000000'),(1308,928,3,'14:00:00.000000','15:30:00.000000'),(1309,929,1,'08:00:00.000000','09:30:00.000000'),(1310,930,2,'09:00:00.000000','10:30:00.000000'),(1311,931,3,'10:00:00.000000','11:30:00.000000'),(1312,932,4,'11:00:00.000000','12:30:00.000000'),(1313,934,4,'13:00:00.000000','14:30:00.000000'),(1314,935,4,'14:00:00.000000','15:30:00.000000'),(1315,936,1,'08:00:00.000000','09:30:00.000000'),(1316,937,2,'09:00:00.000000','10:30:00.000000'),(1317,938,3,'10:00:00.000000','11:30:00.000000'),(1318,939,4,'11:00:00.000000','12:30:00.000000'),(1319,940,5,'12:00:00.000000','13:30:00.000000'),(1320,941,5,'13:00:00.000000','14:30:00.000000'),(1321,943,1,'08:00:00.000000','09:30:00.000000'),(1322,944,2,'09:00:00.000000','10:30:00.000000'),(1323,945,3,'10:00:00.000000','11:30:00.000000'),(1324,946,5,'12:00:00.000000','13:30:00.000000'),(1325,947,1,'13:00:00.000000','14:30:00.000000'),(1326,948,1,'14:00:00.000000','15:30:00.000000'),(1327,949,1,'08:00:00.000000','09:30:00.000000'),(1328,950,2,'09:00:00.000000','10:30:00.000000'),(1329,951,3,'10:00:00.000000','11:30:00.000000'),(1330,952,4,'11:00:00.000000','12:30:00.000000'),(1331,953,5,'12:00:00.000000','13:30:00.000000'),(1332,954,4,'11:00:00.000000','12:30:00.000000'),(1333,955,2,'13:00:00.000000','14:30:00.000000'),(1334,956,2,'14:00:00.000000','15:30:00.000000'),(1335,957,2,'13:00:00.000000','14:30:00.000000'),(1336,957,3,'13:00:00.000000','14:30:00.000000'),(1337,958,2,'13:00:00.000000','14:30:00.000000'),(1338,959,1,'08:00:00.000000','09:30:00.000000'),(1339,960,2,'09:00:00.000000','10:30:00.000000'),(1340,961,3,'10:00:00.000000','11:30:00.000000'),(1341,962,4,'11:00:00.000000','12:30:00.000000'),(1342,963,5,'12:00:00.000000','13:30:00.000000'),(1343,964,4,'12:00:00.000000','13:30:00.000000'),(1344,964,5,'12:00:00.000000','13:30:00.000000'),(1345,965,3,'13:00:00.000000','14:30:00.000000'),(1346,966,3,'14:00:00.000000','15:30:00.000000'),(1347,967,4,'13:00:00.000000','14:30:00.000000'),(1348,968,1,'08:00:00.000000','09:30:00.000000'),(1349,969,2,'09:00:00.000000','10:30:00.000000'),(1350,970,3,'10:00:00.000000','12:00:00.000000'),(1351,971,1,'08:00:00.000000','09:30:00.000000'),(1352,972,2,'09:00:00.000000','10:30:00.000000'),(1353,972,4,'11:00:00.000000','12:30:00.000000'),(1354,973,3,'10:00:00.000000','11:30:00.000000'),(1355,974,1,'08:00:00.000000','09:30:00.000000'),(1356,974,5,'10:00:00.000000','11:30:00.000000'),(1358,976,1,'13:00:00.000000','14:30:00.000000'),(1359,976,1,'15:00:00.000000','16:30:00.000000'),(1360,977,3,'10:00:00.000000','11:30:00.000000'),(1361,978,1,'08:00:00.000000','09:30:00.000000'),(1362,978,5,'10:00:00.000000','11:30:00.000000'),(1363,979,2,'09:00:00.000000','10:30:00.000000'),(1364,980,2,'14:00:00.000000','15:30:00.000000'),(1365,980,2,'16:00:00.000000','17:30:00.000000'),(1366,981,3,'10:00:00.000000','11:30:00.000000'),(1367,981,1,'10:00:00.000000','11:30:00.000000'),(1368,982,1,'08:00:00.000000','09:30:00.000000'),(1369,982,5,'10:00:00.000000','11:30:00.000000'),(1370,983,2,'09:00:00.000000','10:30:00.000000'),(1371,984,4,'13:00:00.000000','16:00:00.000000'),(1372,984,1,'13:00:00.000000','16:00:00.000000'),(1373,985,3,'13:00:00.000000','14:30:00.000000'),(1374,985,3,'15:00:00.000000','16:30:00.000000'),(1375,986,3,'10:00:00.000000','11:30:00.000000'),(1376,986,5,'10:00:00.000000','11:30:00.000000'),(1377,987,1,'08:00:00.000000','09:30:00.000000'),(1378,988,3,'09:00:00.000000','10:30:00.000000'),(1379,989,4,'11:00:00.000000','12:30:00.000000'),(1380,989,5,'11:00:00.000000','12:30:00.000000'),(1381,990,5,'14:00:00.000000','15:30:00.000000'),(1382,991,3,'10:00:00.000000','11:30:00.000000'),(1383,992,4,'13:00:00.000000','14:30:00.000000'),(1384,993,4,'15:00:00.000000','16:30:00.000000'),(1385,994,4,'09:00:00.000000','10:30:00.000000'),(1386,995,1,'08:00:00.000000','09:30:00.000000'),(1387,996,2,'09:00:00.000000','10:30:00.000000'),(1388,997,5,'14:00:00.000000','15:30:00.000000'),(1389,998,5,'16:00:00.000000','17:30:00.000000'),(1390,998,1,'08:00:00.000000','09:30:00.000000'),(1391,999,2,'09:00:00.000000','10:30:00.000000'),(1392,1000,3,'10:00:00.000000','11:30:00.000000'),(1393,1001,4,'11:00:00.000000','12:30:00.000000'),(1394,1002,5,'12:00:00.000000','13:30:00.000000'),(1395,1003,1,'13:00:00.000000','14:30:00.000000'),(1396,1004,1,'14:00:00.000000','15:30:00.000000'),(1397,1005,1,'08:00:00.000000','09:30:00.000000'),(1398,1006,2,'09:00:00.000000','10:30:00.000000'),(1399,1007,3,'10:00:00.000000','11:30:00.000000'),(1400,1008,4,'11:00:00.000000','12:30:00.000000'),(1401,1009,5,'12:00:00.000000','13:30:00.000000'),(1402,1010,2,'13:00:00.000000','14:30:00.000000'),(1403,1011,2,'14:00:00.000000','15:30:00.000000'),(1404,1012,1,'08:00:00.000000','09:30:00.000000'),(1405,1013,2,'09:00:00.000000','10:30:00.000000'),(1406,1014,3,'10:00:00.000000','11:30:00.000000'),(1407,1015,4,'11:00:00.000000','12:30:00.000000'),(1408,1016,5,'12:00:00.000000','13:30:00.000000'),(1409,1017,3,'13:00:00.000000','14:30:00.000000'),(1410,1018,3,'14:00:00.000000','15:30:00.000000'),(1411,1019,1,'08:00:00.000000','09:30:00.000000'),(1412,1020,2,'09:00:00.000000','10:30:00.000000'),(1413,1021,3,'10:00:00.000000','11:30:00.000000'),(1414,1022,4,'11:00:00.000000','12:30:00.000000'),(1415,1024,4,'13:00:00.000000','14:30:00.000000'),(1416,1025,4,'14:00:00.000000','15:30:00.000000'),(1417,1026,1,'08:00:00.000000','09:30:00.000000'),(1418,1027,2,'09:00:00.000000','10:30:00.000000'),(1419,1028,3,'10:00:00.000000','11:30:00.000000'),(1420,1029,4,'11:00:00.000000','12:30:00.000000'),(1421,1030,5,'12:00:00.000000','13:30:00.000000'),(1422,1031,5,'13:00:00.000000','14:30:00.000000'),(1423,1033,1,'08:00:00.000000','09:30:00.000000'),(1424,1034,2,'09:00:00.000000','10:30:00.000000'),(1425,1035,3,'10:00:00.000000','11:30:00.000000'),(1426,1036,5,'12:00:00.000000','13:30:00.000000'),(1427,1037,1,'13:00:00.000000','14:30:00.000000'),(1428,1038,1,'14:00:00.000000','15:30:00.000000'),(1429,1039,1,'08:00:00.000000','09:30:00.000000'),(1430,1040,2,'09:00:00.000000','10:30:00.000000'),(1431,1041,3,'10:00:00.000000','11:30:00.000000'),(1432,1042,4,'11:00:00.000000','12:30:00.000000'),(1433,1043,5,'12:00:00.000000','13:30:00.000000'),(1434,1044,4,'11:00:00.000000','12:30:00.000000'),(1435,1045,2,'13:00:00.000000','14:30:00.000000'),(1436,1046,2,'14:00:00.000000','15:30:00.000000'),(1437,1047,2,'13:00:00.000000','14:30:00.000000'),(1438,1047,3,'13:00:00.000000','14:30:00.000000'),(1439,1048,2,'13:00:00.000000','14:30:00.000000'),(1440,1049,1,'08:00:00.000000','09:30:00.000000'),(1441,1050,2,'09:00:00.000000','10:30:00.000000'),(1442,1051,3,'10:00:00.000000','11:30:00.000000'),(1443,1052,4,'11:00:00.000000','12:30:00.000000'),(1444,1053,5,'12:00:00.000000','13:30:00.000000'),(1445,1054,4,'12:00:00.000000','13:30:00.000000'),(1446,1054,5,'12:00:00.000000','13:30:00.000000'),(1447,1055,3,'13:00:00.000000','14:30:00.000000'),(1448,1056,3,'14:00:00.000000','15:30:00.000000'),(1449,1057,4,'13:00:00.000000','14:30:00.000000'),(1450,1058,1,'08:00:00.000000','09:30:00.000000'),(1451,1059,2,'09:00:00.000000','10:30:00.000000'),(1452,1060,3,'10:00:00.000000','12:00:00.000000'),(1454,975,2,'09:00:00.000000','11:00:00.000000'),(1455,1061,1,'08:00:00.000000','09:30:00.000000'),(1456,1062,2,'09:00:00.000000','10:30:00.000000'),(1457,1062,4,'11:00:00.000000','12:30:00.000000'),(1459,1064,1,'08:00:00.000000','09:30:00.000000'),(1460,1064,5,'10:00:00.000000','11:30:00.000000'),(1461,1065,2,'09:00:00.000000','10:30:00.000000'),(1462,1066,1,'13:00:00.000000','14:30:00.000000'),(1463,1066,1,'15:00:00.000000','16:30:00.000000'),(1464,1067,3,'10:00:00.000000','11:30:00.000000'),(1467,1069,2,'09:00:00.000000','10:30:00.000000'),(1468,1070,2,'14:00:00.000000','15:30:00.000000'),(1469,1070,2,'16:00:00.000000','17:30:00.000000'),(1470,1071,3,'10:00:00.000000','11:30:00.000000'),(1471,1071,1,'10:00:00.000000','11:30:00.000000'),(1472,1072,1,'08:00:00.000000','09:30:00.000000'),(1473,1072,5,'10:00:00.000000','11:30:00.000000'),(1474,1073,2,'09:00:00.000000','10:30:00.000000'),(1475,1074,4,'13:00:00.000000','16:00:00.000000'),(1476,1074,1,'13:00:00.000000','16:00:00.000000'),(1477,1075,3,'13:00:00.000000','14:30:00.000000'),(1478,1075,3,'15:00:00.000000','16:30:00.000000'),(1479,1076,3,'10:00:00.000000','11:30:00.000000'),(1480,1076,5,'10:00:00.000000','11:30:00.000000'),(1481,1077,1,'08:00:00.000000','09:30:00.000000'),(1482,1078,3,'09:00:00.000000','10:30:00.000000'),(1483,1079,4,'11:00:00.000000','12:30:00.000000'),(1484,1079,5,'11:00:00.000000','12:30:00.000000'),(1485,1080,5,'14:00:00.000000','15:30:00.000000'),(1486,1081,3,'10:00:00.000000','11:30:00.000000'),(1487,1082,4,'13:00:00.000000','14:30:00.000000'),(1488,1083,4,'15:00:00.000000','16:30:00.000000'),(1489,1084,4,'09:00:00.000000','10:30:00.000000'),(1490,1085,1,'08:00:00.000000','09:30:00.000000'),(1491,1086,2,'09:00:00.000000','10:30:00.000000'),(1492,1087,5,'14:00:00.000000','15:30:00.000000'),(1493,1088,5,'16:00:00.000000','17:30:00.000000'),(1494,1088,1,'08:00:00.000000','09:30:00.000000'),(1495,1089,2,'09:00:00.000000','10:30:00.000000'),(1496,1090,3,'10:00:00.000000','11:30:00.000000'),(1497,1091,4,'11:00:00.000000','12:30:00.000000'),(1498,1092,5,'12:00:00.000000','13:30:00.000000'),(1499,1093,1,'13:00:00.000000','14:30:00.000000'),(1500,1094,1,'14:00:00.000000','15:30:00.000000'),(1501,1095,1,'08:00:00.000000','09:30:00.000000'),(1502,1096,2,'09:00:00.000000','10:30:00.000000'),(1503,1097,3,'10:00:00.000000','11:30:00.000000'),(1504,1098,4,'11:00:00.000000','12:30:00.000000'),(1505,1099,5,'12:00:00.000000','13:30:00.000000'),(1506,1100,2,'13:00:00.000000','14:30:00.000000'),(1507,1101,2,'14:00:00.000000','15:30:00.000000'),(1508,1102,1,'08:00:00.000000','09:30:00.000000'),(1509,1103,2,'09:00:00.000000','10:30:00.000000'),(1510,1104,3,'10:00:00.000000','11:30:00.000000'),(1511,1105,4,'11:00:00.000000','12:30:00.000000'),(1512,1106,5,'12:00:00.000000','13:30:00.000000'),(1513,1107,3,'13:00:00.000000','14:30:00.000000'),(1514,1108,3,'14:00:00.000000','15:30:00.000000'),(1515,1109,1,'08:00:00.000000','09:30:00.000000'),(1516,1110,2,'09:00:00.000000','10:30:00.000000'),(1517,1111,3,'10:00:00.000000','11:30:00.000000'),(1518,1112,4,'11:00:00.000000','12:30:00.000000'),(1519,1114,4,'13:00:00.000000','14:30:00.000000'),(1520,1115,4,'14:00:00.000000','15:30:00.000000'),(1521,1116,1,'08:00:00.000000','09:30:00.000000'),(1522,1117,2,'09:00:00.000000','10:30:00.000000'),(1523,1118,3,'10:00:00.000000','11:30:00.000000'),(1524,1119,4,'11:00:00.000000','12:30:00.000000'),(1525,1120,5,'12:00:00.000000','13:30:00.000000'),(1526,1121,5,'13:00:00.000000','14:30:00.000000'),(1527,1123,1,'08:00:00.000000','09:30:00.000000'),(1528,1124,2,'09:00:00.000000','10:30:00.000000'),(1529,1125,3,'10:00:00.000000','11:30:00.000000'),(1530,1126,5,'12:00:00.000000','13:30:00.000000'),(1531,1127,1,'13:00:00.000000','14:30:00.000000'),(1532,1128,1,'14:00:00.000000','15:30:00.000000'),(1533,1129,1,'08:00:00.000000','09:30:00.000000'),(1534,1130,2,'09:00:00.000000','10:30:00.000000'),(1535,1131,3,'10:00:00.000000','11:30:00.000000'),(1536,1132,4,'11:00:00.000000','12:30:00.000000'),(1537,1133,5,'12:00:00.000000','13:30:00.000000'),(1538,1134,4,'11:00:00.000000','12:30:00.000000'),(1539,1135,2,'13:00:00.000000','14:30:00.000000'),(1540,1136,2,'14:00:00.000000','15:30:00.000000'),(1541,1137,2,'13:00:00.000000','14:30:00.000000'),(1542,1137,3,'13:00:00.000000','14:30:00.000000'),(1543,1138,2,'13:00:00.000000','14:30:00.000000'),(1544,1139,1,'08:00:00.000000','09:30:00.000000'),(1545,1140,2,'09:00:00.000000','10:30:00.000000'),(1546,1141,3,'10:00:00.000000','11:30:00.000000'),(1547,1142,4,'11:00:00.000000','12:30:00.000000'),(1548,1143,5,'12:00:00.000000','13:30:00.000000'),(1549,1144,4,'12:00:00.000000','13:30:00.000000'),(1550,1144,5,'12:00:00.000000','13:30:00.000000'),(1551,1145,3,'13:00:00.000000','14:30:00.000000'),(1552,1146,3,'14:00:00.000000','15:30:00.000000'),(1553,1147,4,'13:00:00.000000','14:30:00.000000'),(1554,1148,1,'08:00:00.000000','09:30:00.000000'),(1555,1149,2,'09:00:00.000000','10:30:00.000000'),(1556,1150,3,'10:00:00.000000','12:00:00.000000'),(1558,1063,2,'10:00:00.000000','11:30:00.000000'),(1559,1063,4,'10:00:00.000000','11:30:00.000000'),(1560,32,1,'13:00:00.000000','14:30:00.000000'),(1561,32,3,'13:00:00.000000','14:30:00.000000'),(1563,1152,1,'08:00:00.000000','09:30:00.000000'),(1564,1153,2,'09:00:00.000000','10:30:00.000000'),(1565,1153,4,'11:00:00.000000','12:30:00.000000'),(1566,1154,3,'10:00:00.000000','11:30:00.000000'),(1567,1155,1,'08:00:00.000000','09:30:00.000000'),(1568,1155,5,'10:00:00.000000','11:30:00.000000'),(1569,1156,2,'09:00:00.000000','10:30:00.000000'),(1570,1157,1,'13:00:00.000000','14:30:00.000000'),(1571,1157,1,'15:00:00.000000','16:30:00.000000'),(1572,1158,3,'10:00:00.000000','11:30:00.000000'),(1573,1159,1,'08:00:00.000000','09:30:00.000000'),(1574,1159,5,'10:00:00.000000','11:30:00.000000'),(1575,1160,2,'09:00:00.000000','10:30:00.000000'),(1576,1161,2,'14:00:00.000000','15:30:00.000000'),(1577,1161,2,'16:00:00.000000','17:30:00.000000'),(1578,1162,3,'10:00:00.000000','11:30:00.000000'),(1579,1162,1,'10:00:00.000000','11:30:00.000000'),(1580,1163,1,'08:00:00.000000','09:30:00.000000'),(1581,1163,5,'10:00:00.000000','11:30:00.000000'),(1582,1164,2,'09:00:00.000000','10:30:00.000000'),(1583,1165,4,'13:00:00.000000','16:00:00.000000'),(1584,1165,1,'13:00:00.000000','16:00:00.000000'),(1585,1166,3,'13:00:00.000000','14:30:00.000000'),(1586,1166,3,'15:00:00.000000','16:30:00.000000'),(1587,1167,3,'10:00:00.000000','11:30:00.000000'),(1588,1167,5,'10:00:00.000000','11:30:00.000000'),(1589,1168,1,'08:00:00.000000','09:30:00.000000'),(1590,1169,3,'09:00:00.000000','10:30:00.000000'),(1591,1170,4,'11:00:00.000000','12:30:00.000000'),(1592,1170,5,'11:00:00.000000','12:30:00.000000'),(1593,1171,5,'14:00:00.000000','15:30:00.000000'),(1594,1172,3,'10:00:00.000000','11:30:00.000000'),(1595,1173,4,'13:00:00.000000','14:30:00.000000'),(1596,1174,4,'15:00:00.000000','16:30:00.000000'),(1597,1175,4,'09:00:00.000000','10:30:00.000000'),(1598,1176,1,'08:00:00.000000','09:30:00.000000'),(1599,1177,2,'09:00:00.000000','10:30:00.000000'),(1600,1178,5,'14:00:00.000000','15:30:00.000000'),(1601,1179,5,'16:00:00.000000','17:30:00.000000'),(1602,1179,1,'08:00:00.000000','09:30:00.000000'),(1603,1180,2,'09:00:00.000000','10:30:00.000000'),(1604,1181,3,'10:00:00.000000','11:30:00.000000'),(1605,1182,4,'11:00:00.000000','12:30:00.000000'),(1606,1183,5,'12:00:00.000000','13:30:00.000000'),(1607,1184,1,'13:00:00.000000','14:30:00.000000'),(1608,1184,3,'13:00:00.000000','14:30:00.000000'),(1609,1185,1,'14:00:00.000000','15:30:00.000000'),(1612,1188,3,'10:00:00.000000','11:30:00.000000'),(1613,1189,4,'11:00:00.000000','12:30:00.000000'),(1614,1190,5,'12:00:00.000000','13:30:00.000000'),(1615,1191,2,'13:00:00.000000','14:30:00.000000'),(1616,1192,2,'14:00:00.000000','15:30:00.000000'),(1617,1193,1,'08:00:00.000000','09:30:00.000000'),(1618,1194,2,'09:00:00.000000','10:30:00.000000'),(1619,1195,3,'10:00:00.000000','11:30:00.000000'),(1620,1196,4,'11:00:00.000000','12:30:00.000000'),(1621,1197,5,'12:00:00.000000','13:30:00.000000'),(1622,1198,3,'13:00:00.000000','14:30:00.000000'),(1623,1199,3,'14:00:00.000000','15:30:00.000000'),(1624,1200,1,'08:00:00.000000','09:30:00.000000'),(1625,1201,2,'09:00:00.000000','10:30:00.000000'),(1626,1202,3,'10:00:00.000000','11:30:00.000000'),(1627,1203,4,'11:00:00.000000','12:30:00.000000'),(1628,1205,4,'13:00:00.000000','14:30:00.000000'),(1629,1206,4,'14:00:00.000000','15:30:00.000000'),(1630,1207,1,'08:00:00.000000','09:30:00.000000'),(1631,1208,2,'09:00:00.000000','10:30:00.000000'),(1632,1209,3,'10:00:00.000000','11:30:00.000000'),(1633,1210,4,'11:00:00.000000','12:30:00.000000'),(1634,1211,5,'12:00:00.000000','13:30:00.000000'),(1635,1212,5,'13:00:00.000000','14:30:00.000000'),(1636,1214,1,'08:00:00.000000','09:30:00.000000'),(1637,1215,2,'09:00:00.000000','10:30:00.000000'),(1638,1216,3,'10:00:00.000000','11:30:00.000000'),(1639,1217,5,'12:00:00.000000','13:30:00.000000'),(1640,1218,1,'13:00:00.000000','14:30:00.000000'),(1641,1219,1,'14:00:00.000000','15:30:00.000000'),(1642,1220,1,'08:00:00.000000','09:30:00.000000'),(1643,1221,2,'09:00:00.000000','10:30:00.000000'),(1644,1222,3,'10:00:00.000000','11:30:00.000000'),(1645,1223,4,'11:00:00.000000','12:30:00.000000'),(1646,1224,5,'12:00:00.000000','13:30:00.000000'),(1647,1225,4,'11:00:00.000000','12:30:00.000000'),(1648,1226,2,'13:00:00.000000','14:30:00.000000'),(1649,1227,2,'14:00:00.000000','15:30:00.000000'),(1650,1228,2,'13:00:00.000000','14:30:00.000000'),(1651,1228,3,'13:00:00.000000','14:30:00.000000'),(1652,1229,2,'13:00:00.000000','14:30:00.000000'),(1653,1230,1,'08:00:00.000000','09:30:00.000000'),(1654,1231,2,'09:00:00.000000','10:30:00.000000'),(1655,1232,3,'10:00:00.000000','11:30:00.000000'),(1656,1233,4,'11:00:00.000000','12:30:00.000000'),(1657,1234,5,'12:00:00.000000','13:30:00.000000'),(1658,1235,4,'12:00:00.000000','13:30:00.000000'),(1659,1235,5,'12:00:00.000000','13:30:00.000000'),(1660,1236,3,'13:00:00.000000','14:30:00.000000'),(1661,1237,3,'14:00:00.000000','15:30:00.000000'),(1662,1238,4,'13:00:00.000000','14:30:00.000000'),(1663,1239,1,'08:00:00.000000','09:30:00.000000'),(1664,1240,2,'09:00:00.000000','10:30:00.000000'),(1665,1241,3,'10:00:00.000000','12:00:00.000000'),(1671,1244,1,'08:00:00.000000','09:30:00.000000'),(1672,1245,2,'09:00:00.000000','10:30:00.000000'),(1673,1245,4,'11:00:00.000000','12:30:00.000000'),(1674,1246,3,'10:00:00.000000','11:30:00.000000'),(1675,1247,1,'08:00:00.000000','09:30:00.000000'),(1676,1247,5,'10:00:00.000000','11:30:00.000000'),(1677,1248,2,'09:00:00.000000','10:30:00.000000'),(1678,1249,1,'13:00:00.000000','14:30:00.000000'),(1679,1249,1,'15:00:00.000000','16:30:00.000000'),(1680,1250,3,'10:00:00.000000','11:30:00.000000'),(1681,1251,1,'08:00:00.000000','09:30:00.000000'),(1682,1251,5,'10:00:00.000000','11:30:00.000000'),(1683,1252,2,'09:00:00.000000','10:30:00.000000'),(1684,1253,2,'14:00:00.000000','15:30:00.000000'),(1685,1253,2,'16:00:00.000000','17:30:00.000000'),(1686,1254,3,'10:00:00.000000','11:30:00.000000'),(1687,1254,1,'10:00:00.000000','11:30:00.000000'),(1688,1255,1,'08:00:00.000000','09:30:00.000000'),(1689,1255,5,'10:00:00.000000','11:30:00.000000'),(1690,1256,2,'09:00:00.000000','10:30:00.000000'),(1691,1257,4,'13:00:00.000000','16:00:00.000000'),(1692,1257,1,'13:00:00.000000','16:00:00.000000'),(1693,1258,3,'13:00:00.000000','14:30:00.000000'),(1694,1258,3,'15:00:00.000000','16:30:00.000000'),(1695,1259,3,'10:00:00.000000','11:30:00.000000'),(1696,1259,5,'10:00:00.000000','11:30:00.000000'),(1697,1260,1,'08:00:00.000000','09:30:00.000000'),(1698,1261,3,'09:00:00.000000','10:30:00.000000'),(1699,1262,4,'11:00:00.000000','12:30:00.000000'),(1700,1262,5,'11:00:00.000000','12:30:00.000000'),(1701,1263,5,'14:00:00.000000','15:30:00.000000'),(1702,1264,3,'10:00:00.000000','11:30:00.000000'),(1703,1265,4,'13:00:00.000000','14:30:00.000000'),(1704,1266,4,'15:00:00.000000','16:30:00.000000'),(1705,1267,4,'09:00:00.000000','10:30:00.000000'),(1706,1268,1,'08:00:00.000000','09:30:00.000000'),(1707,1269,2,'09:00:00.000000','10:30:00.000000'),(1708,1270,5,'14:00:00.000000','15:30:00.000000'),(1709,1271,5,'16:00:00.000000','17:30:00.000000'),(1710,1271,1,'08:00:00.000000','09:30:00.000000'),(1711,1272,2,'09:00:00.000000','10:30:00.000000'),(1712,1273,3,'10:00:00.000000','11:30:00.000000'),(1713,1274,4,'11:00:00.000000','12:30:00.000000'),(1714,1275,5,'12:00:00.000000','13:30:00.000000'),(1715,1276,1,'13:00:00.000000','14:30:00.000000'),(1716,1276,3,'13:00:00.000000','14:30:00.000000'),(1717,1277,1,'14:00:00.000000','15:30:00.000000'),(1718,1278,1,'08:00:00.000000','09:30:00.000000'),(1719,1279,2,'09:00:00.000000','10:30:00.000000'),(1720,1280,3,'10:00:00.000000','11:30:00.000000'),(1721,1281,4,'11:00:00.000000','12:30:00.000000'),(1722,1282,5,'12:00:00.000000','13:30:00.000000'),(1723,1283,2,'13:00:00.000000','14:30:00.000000'),(1724,1284,2,'14:00:00.000000','15:30:00.000000'),(1725,1285,1,'08:00:00.000000','09:30:00.000000'),(1726,1286,2,'09:00:00.000000','10:30:00.000000'),(1727,1287,3,'10:00:00.000000','11:30:00.000000'),(1728,1288,4,'11:00:00.000000','12:30:00.000000'),(1729,1289,5,'12:00:00.000000','13:30:00.000000'),(1730,1290,3,'13:00:00.000000','14:30:00.000000'),(1731,1291,3,'14:00:00.000000','15:30:00.000000'),(1732,1292,1,'08:00:00.000000','09:30:00.000000'),(1733,1293,2,'09:00:00.000000','10:30:00.000000'),(1734,1294,3,'10:00:00.000000','11:30:00.000000'),(1735,1295,4,'11:00:00.000000','12:30:00.000000'),(1736,1297,4,'13:00:00.000000','14:30:00.000000'),(1737,1298,4,'14:00:00.000000','15:30:00.000000'),(1738,1299,1,'08:00:00.000000','09:30:00.000000'),(1739,1300,2,'09:00:00.000000','10:30:00.000000'),(1740,1301,3,'10:00:00.000000','11:30:00.000000'),(1741,1302,4,'11:00:00.000000','12:30:00.000000'),(1742,1303,5,'12:00:00.000000','13:30:00.000000'),(1743,1304,5,'13:00:00.000000','14:30:00.000000'),(1744,1306,1,'08:00:00.000000','09:30:00.000000'),(1745,1307,2,'09:00:00.000000','10:30:00.000000'),(1746,1308,3,'10:00:00.000000','11:30:00.000000'),(1747,1309,5,'12:00:00.000000','13:30:00.000000'),(1748,1310,1,'13:00:00.000000','14:30:00.000000'),(1749,1311,1,'14:00:00.000000','15:30:00.000000'),(1750,1312,1,'08:00:00.000000','09:30:00.000000'),(1751,1313,2,'09:00:00.000000','10:30:00.000000'),(1752,1314,3,'10:00:00.000000','11:30:00.000000'),(1753,1315,4,'11:00:00.000000','12:30:00.000000'),(1754,1316,5,'12:00:00.000000','13:30:00.000000'),(1755,1317,4,'11:00:00.000000','12:30:00.000000'),(1756,1318,2,'13:00:00.000000','14:30:00.000000'),(1757,1319,2,'14:00:00.000000','15:30:00.000000'),(1758,1320,2,'13:00:00.000000','14:30:00.000000'),(1759,1320,3,'13:00:00.000000','14:30:00.000000'),(1760,1321,2,'13:00:00.000000','14:30:00.000000'),(1761,1322,1,'08:00:00.000000','09:30:00.000000'),(1762,1323,2,'09:00:00.000000','10:30:00.000000'),(1763,1324,3,'10:00:00.000000','11:30:00.000000'),(1764,1325,4,'11:00:00.000000','12:30:00.000000'),(1765,1326,5,'12:00:00.000000','13:30:00.000000'),(1766,1327,4,'12:00:00.000000','13:30:00.000000'),(1767,1327,5,'12:00:00.000000','13:30:00.000000'),(1768,1328,3,'13:00:00.000000','14:30:00.000000'),(1769,1329,3,'14:00:00.000000','15:30:00.000000'),(1770,1330,4,'13:00:00.000000','14:30:00.000000'),(1771,1331,1,'08:00:00.000000','09:30:00.000000'),(1772,1332,2,'09:00:00.000000','10:30:00.000000'),(1773,1333,3,'10:00:00.000000','12:00:00.000000');
/*!40000 ALTER TABLE `section_schedule` ENABLE KEYS */;
UNLOCK TABLES;

--
-- Table structure for table `Semester`
--

DROP TABLE IF EXISTS `Semester`;
/*!40101 SET @saved_cs_client     = @@character_set_client */;
/*!50503 SET character_set_client = utf8mb4 */;
CREATE TABLE `Semester` (
  `sem_id` int NOT NULL AUTO_INCREMENT,
  `sem_name_id` int DEFAULT NULL,
  `year` varchar(100) DEFAULT NULL,
  PRIMARY KEY (`sem_id`),
  KEY `Semester_semester_name_FK` (`sem_name_id`),
  CONSTRAINT `Semester_semester_name_FK` FOREIGN KEY (`sem_name_id`) REFERENCES `semester_name` (`sem_name_id`)
) ENGINE=InnoDB AUTO_INCREMENT=67 DEFAULT CHARSET=utf8mb4 COLLATE=utf8mb4_0900_ai_ci;
/*!40101 SET character_set_client = @saved_cs_client */;

--
-- Dumping data for table `Semester`
--

LOCK TABLES `Semester` WRITE;
/*!40000 ALTER TABLE `Semester` DISABLE KEYS */;
INSERT INTO `Semester` VALUES (1,1,'2010'),(2,2,'2024'),(3,3,'2024'),(4,4,'2024'),(5,1,'2023'),(6,2,'2023'),(7,3,'2023'),(8,4,'2023'),(9,1,'2022'),(10,2,'2022'),(11,3,'2022'),(12,4,'2022'),(13,1,'2021'),(14,2,'2021'),(15,3,'2021'),(16,4,'2021'),(17,1,'2020'),(18,2,'2020'),(19,3,'2020'),(20,4,'2020'),(21,1,'2019'),(22,2,'2019'),(23,3,'2019'),(24,4,'2019'),(25,1,'2018'),(26,2,'2018'),(27,3,'2018'),(28,4,'2018'),(29,1,'2017'),(30,2,'2017'),(31,3,'2017'),(32,4,'2017'),(33,1,'2016'),(34,2,'2016'),(35,3,'2016'),(36,4,'2016'),(37,1,'2015'),(38,2,'2015'),(39,3,'2015'),(40,4,'2015'),(41,1,'2014'),(42,2,'2014'),(43,3,'2014'),(44,4,'2014'),(45,1,'2013'),(46,2,'2013'),(47,3,'2013'),(48,4,'2013'),(49,1,'2012'),(50,2,'2012'),(51,3,'2012'),(52,4,'2012'),(53,1,'2011'),(54,2,'2011'),(55,3,'2011'),(56,4,'2011'),(57,1,'2024'),(58,2,'2010'),(59,3,'2010'),(60,4,'2010'),(65,1,'2025'),(66,3,'2025');
/*!40000 ALTER TABLE `Semester` ENABLE KEYS */;
UNLOCK TABLES;

--
-- Table structure for table `semester_name`
--

DROP TABLE IF EXISTS `semester_name`;
/*!40101 SET @saved_cs_client     = @@character_set_client */;
/*!50503 SET character_set_client = utf8mb4 */;
CREATE TABLE `semester_name` (
  `sem_name_id` int NOT NULL AUTO_INCREMENT,
  `name` varchar(100) DEFAULT NULL,
  PRIMARY KEY (`sem_name_id`)
) ENGINE=InnoDB AUTO_INCREMENT=5 DEFAULT CHARSET=utf8mb4 COLLATE=utf8mb4_0900_ai_ci;
/*!40101 SET character_set_client = @saved_cs_client */;

--
-- Dumping data for table `semester_name`
--

LOCK TABLES `semester_name` WRITE;
/*!40000 ALTER TABLE `semester_name` DISABLE KEYS */;
INSERT INTO `semester_name` VALUES (1,'Spring'),(2,'Summer'),(3,'Fall'),(4,'Winter');
/*!40000 ALTER TABLE `semester_name` ENABLE KEYS */;
UNLOCK TABLES;

--
-- Table structure for table `semester_tenure`
--

DROP TABLE IF EXISTS `semester_tenure`;
/*!40101 SET @saved_cs_client     = @@character_set_client */;
/*!50503 SET character_set_client = utf8mb4 */;
CREATE TABLE `semester_tenure` (
  `tenure_id` int NOT NULL AUTO_INCREMENT,
  `weekly_tenure` int DEFAULT NULL,
  PRIMARY KEY (`tenure_id`)
) ENGINE=InnoDB AUTO_INCREMENT=17 DEFAULT CHARSET=utf8mb4 COLLATE=utf8mb4_0900_ai_ci;
/*!40101 SET character_set_client = @saved_cs_client */;

--
-- Dumping data for table `semester_tenure`
--

LOCK TABLES `semester_tenure` WRITE;
/*!40000 ALTER TABLE `semester_tenure` DISABLE KEYS */;
INSERT INTO `semester_tenure` VALUES (1,1),(2,2),(3,3),(4,4),(5,5),(6,6),(7,7),(8,8),(9,9),(10,10),(11,11),(12,12),(13,13),(14,14),(15,15);
/*!40000 ALTER TABLE `semester_tenure` ENABLE KEYS */;
UNLOCK TABLES;

--
-- Dumping routines for database 'msu_course_sceduling_dump'
--
/*!40103 SET TIME_ZONE=@OLD_TIME_ZONE */;

/*!40101 SET SQL_MODE=@OLD_SQL_MODE */;
/*!40014 SET FOREIGN_KEY_CHECKS=@OLD_FOREIGN_KEY_CHECKS */;
/*!40014 SET UNIQUE_CHECKS=@OLD_UNIQUE_CHECKS */;
/*!40101 SET CHARACTER_SET_CLIENT=@OLD_CHARACTER_SET_CLIENT */;
/*!40101 SET CHARACTER_SET_RESULTS=@OLD_CHARACTER_SET_RESULTS */;
/*!40101 SET COLLATION_CONNECTION=@OLD_COLLATION_CONNECTION */;
/*!40111 SET SQL_NOTES=@OLD_SQL_NOTES */;

-- Dump completed on 2025-03-04 18:23:05
